userId,movieId,tag,timestamp,movie_idx
2,60756,funny,1445714994,1952
2,60756,highly quotable,1445714996,1952
2,60756,will ferrell,1445714992,1952
2,89774,boxing story,1445715207,2096
2,89774,mma,1445715200,2096
2,89774,tom hardy,1445715205,2096
2,106782,drugs,1445715054,2172
2,106782,leonardo dicaprio,1445715051,2172
2,106782,martin scorsese,1445715056,2172
7,48516,way too long,1169687325,1840
18,431,al pacino,1462138765,211
18,431,gangster,1462138749,211
18,431,mafia,1462138755,211
18,1221,al pacino,1461699306,488
18,1221,mafia,1461699303,488
18,5995,holocaust,1455735472,1535
18,5995,true story,1455735479,1535
18,44665,twist ending,1456948283,1800
18,52604,anthony hopkins,1457650696,1870
18,52604,courtroom drama,1457650711,1870
18,52604,twist ending,1457650682,1870
21,1569,romantic comedy,1419805413,631
21,1569,wedding,1419805419,631
21,119141,bloody,1419793962,2215
49,109487,black hole,1493093306,2181
49,109487,sci fi,1493093332,2181
49,109487,time travel,1493093356,2181
62,2,fantasy,1528843929,1
62,2,magic board game,1528843932,1
62,2,robin williams,1528843907,1
62,110,beautiful scenery,1528152541,59
62,110,epic,1528152532,59
62,110,historical,1528152523,59
62,110,inspirational,1528152527,59
62,110,medieval,1528152528,59
62,110,mel gibson,1528152521,59
62,110,oscar (best cinematography),1528152539,59
62,110,revenge,1528152531,59
62,110,sword fight,1528152535,59
62,410,black comedy,1525636607,200
62,410,christina ricci,1525636685,200
62,410,christopher lloyd,1525636622,200
62,410,dark comedy,1525636610,200
62,410,family,1525636708,200
62,410,gothic,1525636609,200
62,2023,al pacino,1525636728,765
62,2023,andy garcia,1525636768,765
62,2023,classic,1525636752,765
62,2023,francis ford coppola,1525636752,765
62,2023,mafia,1525636733,765
62,2124,black comedy,1525636847,805
62,2124,christina ricci,1525636867,805
62,2124,christopher lloyd,1525636859,805
62,2124,family,1525636855,805
62,2124,gothic,1525636849,805
62,2124,quirky,1525636846,805
62,2953,family,1525636883,1054
62,2953,funny,1525636885,1054
62,2953,macaulay culkin,1525636890,1054
62,2953,sequel,1525636887,1054
62,3114,animation,1525636903,1104
62,3114,disney,1525636902,1104
62,3114,funny,1525636913,1104
62,3114,original,1525636917,1104
62,3114,pixar,1525636901,1104
62,3114,sequel,1525636910,1104
62,3114,tom hanks,1525636925,1104
62,3578,ancient rome,1528152504,1217
62,3578,epic,1528152469,1217
62,3578,history,1528152467,1217
62,3578,revenge,1528152496,1217
62,3578,rome,1528152463,1217
62,3578,russell crowe,1528152465,1217
62,4223,ed harris,1528024869,1346
62,4223,jude law,1528024854,1346
62,4223,rachel weisz,1528024873,1346
62,4223,sniper,1528024852,1346
62,4223,world war ii,1528024877,1346
62,5388,al pacino,1530310809,1481
62,5388,atmospheric,1530310959,1481
62,5388,hilary swank,1530310952,1481
62,5388,robin williams,1530310811,1481
62,6058,sequel,1525555053,1538
62,6058,violent,1525555051,1538
62,6534,dogs,1525554096,1568
62,6534,eric bana,1525554086,1568
62,6534,mad scientist,1525554098,1568
62,6534,marvel,1525554100,1568
62,6541,captain nemo,1525554054,1572
62,6541,comic book,1525554028,1572
62,6541,gothic,1525554056,1572
62,6541,peta wilson,1525554040,1572
62,6541,sean connery,1525554026,1572
62,6541,superhero,1525554051,1572
62,6564,adventure,1525554439,1576
62,6564,angelina jolie,1525554432,1576
62,6564,heroine in tight suit,1525554441,1576
62,7153,adventure,1528152558,1627
62,7153,ensemble cast,1528152578,1627
62,7153,fantasy,1528152556,1627
62,7153,fantasy world,1528152571,1627
62,7153,great soundtrack,1528152575,1627
62,7153,lord of the rings,1528152581,1627
62,7153,scenic,1528152580,1627
62,7153,stylized,1528152577,1627
62,7153,tolkien,1528152561,1627
62,8641,hilarious,1526249138,1680
62,8641,steve carell,1526249156,1680
62,8641,will ferrell,1526249135,1680
62,27660,animation,1525554490,1715
62,27660,anime,1525554488,1715
62,27660,cyberpunk,1525554486,1715
62,27660,dark,1525554500,1715
62,27660,matrix,1525554493,1715
62,27660,sci fi,1525554491,1715
62,27706,dark comedy,1526248598,1716
62,27706,jim carrey,1526248575,1716
62,27706,meryl streep,1526248580,1716
62,27706,quirky,1526248553,1716
62,27706,stylized,1526248601,1716
62,27808,adam sandler,1525554900,1719
62,27808,family,1525554919,1719
62,27808,sweet,1525554922,1719
62,27831,british gangster,1532723304,1721
62,27831,confusing,1532723364,1721
62,27831,daniel craig,1532723305,1721
62,27831,exquisite plotting.,1532723355,1721
62,27831,organized crime,1532723369,1721
62,27831,stylish,1532723356,1721
62,27831,tom hardy,1532723359,1721
62,31658,anime,1525869041,1735
62,31658,fantasy world,1525869051,1735
62,31658,hayao miyazaki,1525869046,1735
62,31658,studio ghibli,1525869044,1735
62,33162,david thewlis,1525554605,1743
62,33162,eva green,1525554550,1743
62,33162,liam neeson,1525554577,1743
62,33162,orlando bloom,1525554511,1743
62,34150,chris evans,1525554141,1753
62,34150,comic book,1525554003,1753
62,34150,heroine in tight suit,1525554138,1753
62,34150,jessica alba,1525554127,1753
62,34150,sexy female scientist,1525554144,1753
62,34150,superhero,1525553977,1753
62,37729,gothic,1530310527,1770
62,37729,helena bonham carter,1530310534,1770
62,37729,johnny depp,1530310529,1770
62,37729,tim burton,1530310526,1770
62,37729,visually appealing,1530310541,1770
62,38061,black comedy,1532723380,1775
62,38061,clever,1532723403,1775
62,38061,fast paced dialogue,1532723406,1775
62,38061,good dialogue,1532723428,1775
62,38061,robert downey jr.,1532723408,1775
62,38061,witty,1532723402,1775
62,45447,adventure,1525637064,1808
62,45447,audrey tautou,1525637075,1808
62,45447,conspiracy theory,1525637062,1808
62,45447,mystery,1525637081,1808
62,45447,paris,1525637079,1808
62,45447,tom hanks,1525637067,1808
62,45447,treasure hunt,1525637084,1808
62,46723,brad pitt,1525554217,1823
62,46723,cate blanchett,1525554227,1823
62,46723,multiple storylines,1525554215,1823
62,46723,social commentary,1525554246,1823
62,46972,ben stiller,1525554254,1826
62,46972,robin williams,1525554255,1826
62,46976,emma thompson,1536874692,1827
62,46976,maggie gyllenhaal,1536874655,1827
62,46976,modern fantasy,1536874658,1827
62,46976,romance,1536874651,1827
62,46976,surreal,1536874662,1827
62,46976,will ferrell,1536874653,1827
62,49530,africa,1536874706,1850
62,49530,corruption,1536874704,1850
62,49530,jennifer connelly,1536874701,1850
62,49530,justice,1536874709,1850
62,49530,leonardo dicaprio,1536874698,1850
62,53464,bad acting,1525554797,1878
62,53464,bad jokes,1525554811,1878
62,53464,bad plot,1525554822,1878
62,53464,chris evans,1525554807,1878
62,53464,jessica alba,1525554794,1878
62,53464,marvel,1525554792,1878
62,53464,sexy female scientist,1525554813,1878
62,58047,rachel weisz,1528909364,1928
62,58047,ryan reynolds,1528909347,1928
62,59501,fantasy,1525637507,1940
62,59501,lion,1525637517,1940
62,59501,narnia,1525637508,1940
62,59501,tilda swinton,1525637603,1940
62,60074,bad script,1525554116,1948
62,60074,charlize theron,1525554121,1948
62,60074,will smith,1525554107,1948
62,60126,anne hathaway,1527004240,1949
62,60126,steve carell,1527004238,1949
62,60756,comedy,1528934384,1952
62,60756,funny,1528934381,1952
62,60756,will ferrell,1528934379,1952
62,61024,comedy,1528934218,1954
62,61024,james franco,1528934214,1954
62,61024,seth rogen,1528934216,1954
62,61024,stoner movie,1528934219,1954
62,63992,audience intelligence underestimated,1528934237,1969
62,63992,boring,1528934241,1969
62,63992,chick flick,1528934247,1969
62,63992,overrated,1528934240,1969
62,63992,teen movie,1528934233,1969
62,71535,bill murray,1529777198,2012
62,71535,dark comedy,1529777189,2012
62,71535,emma stone,1529777192,2012
62,71535,funny,1529777194,2012
62,71535,jesse eisenberg,1529777186,2012
62,71535,woody harrelson,1529777129,2012
62,87430,audience intelligence underestimated,1525555172,2082
62,87430,cgi,1525555168,2082
62,87430,cheesy,1525555170,2082
62,87430,comic book,1525555164,2082
62,87430,dc,1525555176,2082
62,87430,dc comics,1525555184,2082
62,87430,ryan reynolds,1525555162,2082
62,87430,space,1525555182,2082
62,87430,superhero,1525555181,2082
62,88405,comedy,1525554879,2089
62,88405,funny,1525554868,2089
62,88405,happy ending,1525554872,2089
62,88405,hot actress,1525554880,2089
62,88405,justin timberlake,1525554873,2089
62,88405,mila kunis,1525554861,2089
62,88405,new york city,1525554866,2089
62,88405,romance,1525554883,2089
62,88405,sex,1525554864,2089
62,99114,action,1526078792,2142
62,99114,christoph waltz,1526078766,2142
62,99114,funny,1526078778,2142
62,99114,good soundtrack,1526078785,2142
62,99114,great performances,1526078768,2142
62,99114,humour,1526078787,2142
62,99114,leonardo dicaprio,1526078762,2142
62,99114,quentin tarantino,1526078760,2142
62,99114,samuel l. jackson,1526078763,2142
62,99114,soundtrack,1526078781,2142
62,99114,western,1526078773,2142
62,103042,amy adams,1525555328,2150
62,103042,superhero,1525555319,2150
62,107348,comedy,1528935011,2176
62,107348,steve carell,1528935000,2176
62,107348,stupid but funny,1528935013,2176
62,107348,will ferrell,1528935002,2176
62,108190,anti intellectual,1525554841,2178
62,108190,bad writing,1525554835,2178
62,108190,dystopia,1525554830,2178
62,108190,new society,1525554832,2178
62,108190,plot holes,1525554845,2178
62,108190,predictable,1525554847,2178
62,108190,scifi,1525554839,2178
62,108190,unintelligent,1525554843,2178
62,111743,charlize theron,1530471420,2189
62,111743,liam neeson,1530471434,2189
62,111743,seth macfarlane,1530471419,2189
62,111743,witty,1530471417,2189
62,114180,action,1525554460,2200
62,114180,dystopia,1525554450,2200
62,114180,plot holes,1525554454,2200
62,114180,post apocalyptic,1525554458,2200
62,114180,survival,1525554456,2200
62,114180,thriller,1525554471,2200
62,114180,unexplained,1525554473,2200
62,114180,weak plot,1525554463,2200
62,115149,dark hero,1528152251,2203
62,115149,gun fu,1528152257,2203
62,115149,keanu reeves,1528152244,2203
62,115149,revenge,1528152241,2203
62,115149,secret society,1528152258,2203
62,115149,stylish,1528152247,2203
62,116897,black comedy,1528152849,2210
62,116897,dark comedy,1528152859,2210
62,116897,dark humor,1528152847,2210
62,116897,ironic,1528152854,2210
62,116897,multiple short stories,1528152862,2210
62,116897,short stories,1528152852,2210
62,119141,bromance,1525555146,2215
62,119141,comedy,1525555138,2215
62,119141,funny,1525555129,2215
62,119141,james franco,1525555132,2215
62,119141,seth rogen,1525555127,2215
62,122912,comic book,1526029023,2224
62,122912,dr. strange,1526029001,2224
62,122912,great villain,1526029025,2224
62,122912,guardians of the galaxy,1526029015,2224
62,122912,marvel,1526028997,2224
62,122912,mcu,1526028983,2224
62,122912,robert downey jr.,1526028991,2224
62,122912,thanos,1526028985,2224
62,122912,thor,1526029010,2224
62,122912,visually stunning,1526028994,2224
62,128360,characters,1526078910,2231
62,128360,dialogue,1526078902,2231
62,128360,humor,1526078901,2231
62,128360,kurt russell,1526078886,2231
62,128360,quentin tarantino,1526078877,2231
62,128360,samuel l. jackson,1526078883,2231
62,128360,tension building,1526078880,2231
62,128360,violent,1526078912,2231
62,128360,western,1526078899,2231
62,135133,dystopia,1525637480,2237
62,135133,jennifer lawrence,1525637484,2237
62,135133,love story,1525637487,2237
62,135133,nonsense,1525637488,2237
62,135133,politics,1525637499,2237
62,135133,rebellion,1525637483,2237
62,135133,revolution,1525637481,2237
62,135536,bad story,1525555090,2239
62,135536,bad writing,1525555084,2239
62,135536,batman,1525555077,2239
62,135536,ben affleck,1525555106,2239
62,135536,comic book,1525555092,2239
62,135536,dc comics,1525555080,2239
62,135536,good soundtrack,1525555089,2239
62,135536,harley quinn,1525555079,2239
62,135536,harley quinn's ass,1525555094,2239
62,135536,horrible directing,1525555099,2239
62,135536,jared leto,1525555072,2239
62,135536,joker,1525555074,2239
62,135536,lack of plot,1525555069,2239
62,135536,margot robbie,1525555073,2239
62,135536,poor story,1525555087,2239
62,135536,poorly paced,1525555083,2239
62,135536,superhero,1525555103,2239
62,135536,visually appealing,1525555109,2239
62,135536,will smith,1525555076,2239
62,136864,action,1525555242,2243
62,136864,batman,1525555211,2243
62,136864,ben affleck,1525555223,2243
62,136864,dark,1525555227,2243
62,136864,dc comics,1525555225,2243
62,136864,gal gadot,1525555240,2243
62,136864,superhero,1525555243,2243
62,136864,superman,1525555213,2243
62,136864,wonderwoman,1525555233,2243
62,139385,leonardo dicarpio,1526079025,2246
62,139385,survival,1526079019,2246
62,139385,tom hardy,1526079029,2246
62,139385,visually appealing,1526079038,2246
62,187593,josh brolin,1527274096,2268
62,187593,ryan reynolds,1527274092,2268
62,187593,sarcasm,1527274090,2268
63,260,classic,1443199698,131
63,260,space action,1443199710,131
76,260,action,1439165594,131
76,260,sci fi,1439165588,131
103,260,epic,1431954312,131
103,260,great soundtrack,1431954337,131
103,296,good dialogue,1431954555,148
103,296,great soundtrack,1431954555,148
103,296,non linear,1431954555,148
106,4896,everything you want is here,1467566944,1424
106,106489,adventure,1467566979,2170
112,260,classic sci fi,1442535682,131
112,260,engrossing adventure,1442535673,131
112,260,epic,1442535666,131
119,260,classic,1435942530,131
119,260,nerd,1435942520,131
119,115149,action,1437763143,2203
119,115149,killer,1437763143,2203
119,115149,widows/widowers,1437763143,2203
119,115617,animation,1435944890,2206
119,115617,kids,1435944890,2206
119,115617,robots,1435944890,2206
125,1726,kevin costner,1474483317,678
125,1726,post apocalyptic,1474483320,678
125,2387,dark comedy,1474382225,883
125,2387,dark humor,1474382223,883
125,3052,irreverent,1474592072,1083
125,3052,jay and silent bob,1474592004,1083
125,3052,kevin smith,1474592000,1083
125,3052,satire,1474591997,1083
125,7022,based on a book,1474381749,1617
125,7022,bloody,1474381755,1617
125,7022,brutal,1474381612,1617
125,7022,controversial,1474381812,1617
125,7022,dystopia,1474381779,1617
125,7022,goretastic,1474381786,1617
125,7022,satire,1474381739,1617
125,7022,social commentary,1474381788,1617
125,7022,survival,1474381609,1617
125,7022,violence,1474381745,1617
125,7254,alternate reality,1474381441,1635
125,7254,sci fi,1474381448,1635
125,7254,science fiction,1474381455,1635
125,7254,time travel,1474381439,1635
125,8957,brutal,1474382001,1700
125,8957,clever,1474382019,1700
125,8957,disturbing,1474382015,1700
125,8957,great ending,1474381987,1700
125,8957,mindfuck,1474381982,1700
125,8957,surprise ending,1474381973,1700
125,8957,suspense,1474381994,1700
125,60950,threesome,1474591817,1953
125,62434,seth rogen,1474592476,1961
125,62434,sexual humor,1474592473,1961
132,3556,sofia coppola,1163148016,1215
132,6323,john cusack,1161800041,1553
132,6367,ewan mcgregor,1161799885,1558
132,6367,renee zellweger,1161799951,1558
161,52287,something for everyone in this one... saw it without and plan on seeing it with kids!,1176498861,1866
166,293,assassin,1188774484,147
166,293,jean reno,1188774487,147
166,54286,assassin,1188774519,1890
166,54286,assassin in training (scene),1188774517,1890
166,54286,espionage,1188774515,1890
166,54286,robert ludlum,1188774524,1890
177,115617,feel good,1435523876,2206
177,115617,fun family movie,1435523876,2206
177,115617,very funny,1435523876,2206
184,3793,action,1537094381,1266
184,3793,comic book,1537094359,1266
184,3793,hugh jackman,1537094370,1266
184,3793,marvel,1537094366,1266
184,3793,superhero,1537094354,1266
184,4226,dark,1537094453,1347
184,4226,mindfuck,1537094464,1347
184,4226,nonlinear,1537094445,1347
184,4226,psychology,1537094448,1347
184,4226,twist ending,1537094447,1347
184,4896,alan rickman,1537094576,1424
184,4896,harry potter,1537094544,1424
184,4896,humorous,1537094550,1424
184,4896,magic,1537094530,1424
184,5388,atmospheric,1537094680,1481
184,5388,insomnia,1537094688,1481
184,5388,thought provoking,1537094685,1481
184,6283,amazing artwork,1537094506,1547
184,6283,anime,1537094487,1547
184,6283,sci fi,1537094503,1547
193,260,classic sci fi,1435856940,131
193,260,space action,1435856955,131
193,260,space epic,1435856950,131
193,4878,atmospheric,1435857150,1419
193,4878,cult film,1435857131,1419
193,4878,dreamlike,1435857139,1419
193,4878,hallucinatory,1435857144,1419
193,4878,psychological,1435857147,1419
193,4878,surreal,1435857128,1419
193,4878,time travel,1435857135,1419
193,7147,dreamlike,1435857017,1623
193,7147,sentimental,1435857038,1623
193,7147,surreal,1435857020,1623
193,7147,tim burton,1435857024,1623
193,7361,alternate reality,1435857168,1647
193,7361,memory,1435857171,1647
193,7361,thought provoking,1435857163,1647
193,97938,cinematography,1435857101,2136
193,97938,india,1435857092,2136
193,97938,surreal,1435857076,2136
205,260,oldie but goodie,1519899101,131
205,260,sci fi,1519899078,131
205,260,star wars,1519899108,131
274,68319,comic book,1241762577,1990
289,3,moldy,1143424860,2
289,3,old,1143424860,2
289,527,moving,1143424895,250
289,1101,predictable,1143424846,439
291,50872,a clever chef rat,1453051551,1855
291,50872,inspirational,1453051559,1855
291,118696,hope,1453135079,2214
300,6711,atmospheric,1425352343,1587
305,4034,drugs,1462919721,1326
305,4995,mathematics,1464428783,1440
305,6502,zombies,1525274359,1566
305,6953,depressing,1462398032,1611
305,8641,stupid,1520707078,1680
305,34405,predictable,1520284921,1757
305,55721,favelas,1462919777,1906
305,83134,black comedy,1518811477,2062
318,778,based on a book,1266408710,322
318,778,dark comedy,1266408707,322
318,778,narrated,1266408703,322
318,68954,adventure,1266408634,1995
318,68954,bechdel test:fail,1266408641,1995
318,68954,cartoon,1266408638,1995
318,68954,children,1266408643,1995
318,68954,computer animation,1266408645,1995
318,68954,divorce,1266408656,1995
318,68954,dogs,1266408658,1995
318,68954,dreams,1266408662,1995
318,68954,pixar,1266408675,1995
318,82459,atmospheric,1300485463,2060
318,82459,coen brothers,1300485477,2060
318,82459,jeff bridges,1300485479,2060
318,82459,matt damon,1300485480,2060
318,82459,predictable,1300485405,2060
318,111364,creature feature,1414693918,2187
319,364,disney,1461351898,182
319,364,disney animated feature,1461351908,182
319,364,oscar (best music original score),1461351919,182
327,1288,music,1234790068,543
327,1923,ben stiller,1234789755,721
327,2616,comic book,1234789098,957
327,3481,music,1234788257,1195
327,3897,music,1234788979,1284
327,51255,british comedy,1234789115,1859
336,1,pixar,1139045764,0
336,153,superhero,1139045840,72
336,552,knights,1139045825,266
336,1246,highschool,1139046768,507
336,32587,cult,1139046748,1741
336,33660,boksdrama,1139046203,1747
336,34162,stiller,1139046811,1754
336,36529,wapendrama,1139046289,1764
336,37729,animation,1139047294,1770
341,260,robots and androids,1439750956,131
341,260,space,1439750961,131
356,2146,post college,1229142995,821
356,37384,restaurant,1229142458,1767
356,61323,dark comedy,1228073481,1958
357,39,chick flick,1348627867,29
357,39,funny,1348627869,29
357,39,paul rudd,1348627871,29
357,39,quotable,1348627873,29
357,1059,amazing cinematography,1348627235,416
357,1059,leonardo dicaprio,1348627233,416
357,1059,shakespeare,1348627264,416
357,1059,updated classics,1348627243,416
357,2762,atmospheric,1348626902,1002
357,2762,bruce willis,1348626919,1002
357,2762,ghosts,1348626904,1002
357,2762,mindfuck,1348626910,1002
357,2762,stylized,1348626915,1002
357,2762,twist ending,1348626913,1002
357,4370,android(s)/cyborg(s),1348628642,1378
357,4370,artificial intelligence,1348628638,1378
357,4370,bittersweet,1348628628,1378
357,4370,steven spielberg,1348628635,1378
357,5464,cinematography,1348627174,1490
357,5464,tom hanks,1348627179,1490
357,7444,mark ruffalo,1348627960,1654
357,7451,clever,1348627907,1656
357,7451,high school,1348627902,1656
357,7451,lesbian subtext,1348627909,1656
357,48516,leonardo dicaprio,1348627149,1840
357,48516,suspense,1348627152,1840
357,48516,twist ending,1348627154,1840
357,48516,undercover cop,1348627156,1840
357,54997,christian bale,1348627195,1894
357,55290,casey affleck,1348627116,1903
357,55290,great performances,1348627127,1903
357,55290,twist,1348627131,1903
357,91500,ending,1348626941,2105
357,91529,anne hathaway,1348626758,2106
357,91529,christian bale,1348626755,2106
357,91529,christopher nolan,1348626760,2106
357,91529,comic book,1348626775,2106
357,91529,great ending,1348626779,2106
357,91529,morgan freeman,1348626766,2106
357,91529,political commentary,1348626786,2106
357,91529,superhero,1348626790,2106
419,98961,afghanistan,1362867327,2139
419,98961,american propaganda,1362867290,2139
419,98961,assassination,1362867308,2139
419,98961,military,1362867315,2139
419,98961,terrorism,1362867303,2139
424,32,time travel,1457901872,26
424,47,mystery,1457842470,34
424,47,twist ending,1457842458,34
424,50,mindfuck,1457842328,36
424,50,suspense,1457842315,36
424,50,thriller,1457842332,36
424,50,tricky,1457842340,36
424,50,twist ending,1457842306,36
424,147,addiction,1457901627,69
424,147,heroin,1457901631,69
424,147,leonardo dicaprio,1457901625,69
424,147,mark wahlberg,1457901624,69
424,175,controversial,1457901665,89
424,175,new york city,1457901671,89
424,175,nudity (full frontal),1457901668,89
424,223,cynical,1457844066,109
424,223,hilarious,1457844086,109
424,223,independent film,1457844084,109
424,223,quirky,1457844073,109
424,223,witty,1457844080,109
424,260,classic sci fi,1457900772,131
424,260,sci fi,1457900766,131
424,260,space adventure,1457900770,131
424,260,star wars,1457900775,131
424,288,brutality,1457846184,144
424,288,controversial,1457846195,144
424,288,dark comedy,1457846180,144
424,288,psychedelic,1457846191,144
424,288,satire,1457846198,144
424,288,stylized,1457846189,144
424,296,cult film,1457844546,148
424,296,drugs,1457844550,148
424,296,quentin tarantino,1457844541,148
424,296,tarantino,1457844557,148
424,364,soundtrack,1457845497,182
424,527,thought provoking,1457901041,250
424,541,sci fi,1457900918,261
424,589,apocalypse,1457844854,275
424,589,arnold schwarzenegger,1457844841,275
424,589,nuclear war,1457844861,275
424,589,sci fi,1457844847,275
424,589,suspense,1457844864,275
424,589,time travel,1457844843,275
424,608,based on a true story,1457900882,285
424,608,dark comedy,1457900870,285
424,608,kidnapping,1457900877,285
424,608,steve buscemi,1457900865,285
424,628,edward norton,1457843774,289
424,628,psychology,1457843776,289
424,628,suspense,1457843782,289
424,628,thought provoking,1457843780,289
424,628,twist ending,1457843771,289
424,1089,ensemble cast,1457844739,429
424,1089,nonlinear,1457844742,429
424,1089,quentin tarantino,1457844729,429
424,1089,stylized,1457844737,429
424,1120,freedom of expression,1457845558,442
424,1136,british comedy,1457901498,449
424,1136,monty python,1457901496,449
424,1193,emotional,1457843688,463
424,1193,jack nicholson,1457843684,463
424,1198,adventure,1457901129,467
424,1198,archaeology,1457901464,467
424,1198,indiana jones,1457901132,467
424,1198,steven spielberg,1457901466,467
424,1198,treasure hunt,1457901471,467
424,1200,action,1457901258,469
424,1200,aliens,1457901252,469
424,1200,horror,1457901265,469
424,1200,sci fi,1457901245,469
424,1200,space,1457901261,469
424,1200,space craft,1457901274,469
424,1200,space travel,1457901269,469
424,1200,suspense,1457901256,469
424,1219,alfred hitchcock,1457902455,486
424,1219,psychology,1457902459,486
424,1219,suspenseful,1457902452,486
424,1219,tense,1457902461,486
424,1240,action,1457901308,501
424,1240,artificial intelligence,1457901313,501
424,1240,robots,1457901305,501
424,1240,sci fi,1457901302,501
424,1240,special effects,1457901322,501
424,1240,tense,1457901319,501
424,1240,time travel,1457901300,501
424,1258,atmospheric,1457843344,518
424,1258,disturbing,1457843347,518
424,1258,horror,1457843352,518
424,1258,jack nicholson,1457843340,518
424,1258,psychological,1457843342,518
424,1258,stanley kubrick,1457843338,518
424,1258,suspense,1457843361,518
424,1343,horror,1457846257,565
424,1343,juliette lewis,1457846244,565
424,1343,martin scorsese,1457846252,565
424,1343,robert de niro,1457846254,565
424,1625,mindfuck,1457845252,651
424,1625,mystery,1457845249,651
424,1625,plot twist,1457845255,651
424,1625,psychological,1457845247,651
424,1625,suspense,1457845258,651
424,1625,twist ending,1457845244,651
424,1704,inspirational,1457844971,672
424,1921,hallucinatory,1457902516,720
424,1921,mental illness,1457902477,720
424,1921,mindfuck,1457902518,720
424,1921,paranoid,1457902521,720
424,1923,ben stiller,1457846503,721
424,1923,crude humor,1457846506,721
424,1923,goofy,1457846511,721
424,2160,atmospheric,1457843300,824
424,2160,creepy,1457843317,824
424,2160,paranoia,1457843298,824
424,2160,scary,1457843295,824
424,2160,suspense,1457843308,824
424,2296,snl,1457846704,848
424,2329,thought provoking,1457843729,860
424,2505,nicolas cage,1457902180,930
424,2571,martial arts,1457842912,945
424,2571,sci fi,1457842899,945
424,2700,adult humor,1457844390,979
424,2700,controversial,1457844399,979
424,2700,crude humor,1457844397,979
424,2700,free speech,1457844402,979
424,2700,parody,1457844393,979
424,2700,satire,1457844392,979
424,2700,south park,1457844407,979
424,2700,trey parker,1457844412,979
424,2959,dark comedy,1457842797,1055
424,2959,psychology,1457842802,1055
424,2959,thought provoking,1457842786,1055
424,2959,twist ending,1457842777,1055
424,3176,based on a book,1457845042,1116
424,3176,creepy,1457845033,1116
424,3176,disturbing,1457845029,1116
424,3176,jude law,1457845026,1116
424,3176,murder,1457845038,1116
424,3176,obsession,1457845036,1116
424,3176,psychology,1457845023,1116
424,3176,secrets,1457845045,1116
424,3176,serial killer,1457845031,1116
424,3176,suspense,1457845041,1116
424,3186,asylum,1457846005,1118
424,3186,based on a true story,1457846002,1118
424,3186,brittany murphy,1457846009,1118
424,3186,mental hospital,1457846012,1118
424,3186,psychology,1457845994,1118
424,3186,winona ryder,1457845998,1118
424,3499,claustrophobic,1457846281,1199
424,3499,horror,1457846287,1199
424,3499,scary,1457846295,1199
424,3499,stephen king,1457846291,1199
424,3499,suspenseful,1457846279,1199
424,3499,tense,1457846283,1199
424,3499,thriller,1457846285,1199
424,3527,aliens,1457901283,1207
424,3527,sci fi,1457901285,1207
424,3527,scifi cult,1457901288,1207
424,3911,satire,1457844176,1286
424,3948,comedy,1457846488,1289
424,3948,robert de niro,1457846484,1289
424,4226,mystery,1457842983,1347
424,4226,psychological,1457842979,1347
424,4226,twist ending,1457842977,1347
424,4262,al pacino,1457900965,1357
424,4816,ben stiller,1457846960,1411
424,4816,comedy,1457846970,1411
424,4816,david bowie,1457846952,1411
424,4816,goofy,1457846949,1411
424,4816,mindless one liners,1457846956,1411
424,4816,will ferrell,1457846959,1411
424,4878,jake gyllenhaal,1457901910,1419
424,4993,fantasy,1457901156,1438
424,4993,high fantasy,1457901162,1438
424,4993,magic,1457901158,1438
424,4993,mythology,1457901174,1438
424,4993,tolkien,1457901165,1438
424,4993,wizards,1457901168,1438
424,5291,black and white,1457845331,1470
424,5291,samurai,1457845338,1470
424,6016,multiple storylines,1457900999,1537
424,6016,true story,1457901005,1537
424,6188,comedy,1457846098,1543
424,6188,will ferrell,1457846100,1543
424,7361,jim carrey,1457901740,1647
424,8641,comedy,1457846537,1680
424,8641,will ferrell,1457846533,1680
424,8950,christian bale,1457842841,1699
424,8950,creepy,1457842847,1699
424,8950,powerful ending,1457842857,1699
424,8950,psychology,1457842844,1699
424,8950,schizophrenia,1457842854,1699
424,8950,twist ending,1457842837,1699
424,30825,ben stiller,1457846573,1731
424,30825,robert de niro,1457846569,1731
424,40278,jake gyllenhaal,1457846443,1779
424,40278,modern war,1457846449,1779
424,48516,atmospheric,1457843188,1840
424,48516,jack nicholson,1457843173,1840
424,48516,leonardo dicaprio,1457843178,1840
424,48516,martin scorsese,1457843176,1840
424,48516,suspense,1457843184,1840
424,60756,funny,1457846127,1952
424,60756,will ferrell,1457846129,1952
424,66097,claymation,1457844468,1980
424,66097,creepy,1457844484,1980
424,66097,dark,1457844475,1980
424,66097,dark fairy tale,1457844498,1980
424,66097,surreal,1457844481,1980
424,66097,tim burton,1457844494,1980
424,68157,black comedy,1457844667,1988
424,68157,brad pitt,1457844663,1988
424,68157,christoph waltz,1457844660,1988
424,68157,quentin tarantino,1457844652,1988
424,68157,satire,1457844670,1988
424,74458,insanity,1457843102,2023
424,74458,leonardo dicaprio,1457843110,2023
424,74458,martin scorsese,1457843107,2023
424,74458,plot twist,1457843104,2023
424,74458,psychological,1457843098,2023
424,74458,psychological thriller,1457843113,2023
424,74458,thought provoking,1457843122,2023
424,79132,action,1457844927,2039
424,79132,alternate reality,1457844911,2039
424,79132,leonardo dicaprio,1457844916,2039
424,79132,sci fi,1457844903,2039
424,79132,thought provoking,1457844920,2039
424,79132,visually appealing,1457844914,2039
424,81562,stranded,1457901404,2053
424,81591,alter ego,1457845684,2055
424,81591,atmospheric,1457845658,2055
424,81591,creepy,1457845668,2055
424,81591,horror,1457845670,2055
424,81591,obsession,1457845677,2055
424,81591,surreal,1457845661,2055
424,102903,illusions,1457845623,2149
424,102903,overcomplicated,1457845593,2149
424,102903,predictable,1457845596,2149
424,102903,stupid ending,1457845587,2149
424,104879,absorbing,1457846360,2162
424,104879,acting,1457846358,2162
424,104879,atmospheric,1457846366,2162
424,104879,hugh jackman,1457846364,2162
424,104879,jake gyllenhaal,1457846355,2162
424,104879,morality,1457846368,2162
424,104879,mystery,1457846378,2162
424,104879,thriller,1457846362,2162
424,106100,jared leto,1457845924,2168
424,106100,social commentary,1457845921,2168
424,106100,uplifting,1457845933,2168
424,106489,fantasy,1457901210,2170
424,106489,tolkien,1457901214,2170
424,106489,too long,1457901201,2170
424,109487,christopher nolan,1457901805,2181
424,109487,sci fi,1457901808,2181
424,109487,time travel,1457901811,2181
424,112556,annoying,1457845088,2197
424,112556,stupid ending,1457845155,2197
435,750,dark comedy,1366676044,318
435,2959,dark comedy,1366676088,1055
435,58559,psychology,1366676040,1932
435,58559,superhero,1366676054,1932
439,5952,myth,1436944038,1526
439,98809,action,1436944128,2138
439,98809,myth,1436944141,2138
474,1,pixar,1137206825,0
474,2,game,1137375552,1
474,5,pregnancy,1137373903,3
474,5,remake,1137373903,3
474,7,remake,1137375642,5
474,11,politics,1137374904,8
474,11,president,1137374904,8
474,14,politics,1137375623,10
474,14,president,1137375623,10
474,16,mafia,1137181640,12
474,17,jane austen,1137181153,13
474,21,hollywood,1137206178,17
474,22,serial killer,1137375496,18
474,25,alcoholism,1138137555,21
474,26,shakespeare,1138137603,22
474,28,jane austen,1137180037,23
474,29,kidnapping,1138137473,24
474,31,high school,1137375502,25
474,31,teacher,1137375502,25
474,32,time travel,1137206826,26
474,34,animal movie,1137180956,27
474,34,pigs,1137205237,27
474,36,death penalty,1137202363,28
474,36,nun,1137191227,28
474,39,emma,1138137492,29
474,39,jane austen,1138137492,29
474,41,shakespeare,1138137646,30
474,45,journalism,1137206826,32
474,46,wedding,1137375539,33
474,47,serial killer,1137206452,34
474,50,heist,1137206826,36
474,52,adoption,1137206315,37
474,52,prostitution,1137206371,37
474,58,writing,1138137613,38
474,62,music,1137374957,40
474,101,crime,1138137460,55
474,104,golf,1137374014,56
474,107,muppets,1137375573,58
474,110,scotland,1137180974,59
474,111,assassination,1137206513,60
474,122,dating,1137373679,62
474,140,journalism,1137375031,65
474,150,moon,1137205234,70
474,150,nasa,1137180977,70
474,150,space,1137205233,70
474,153,superhero,1137375453,72
474,160,michael crichton,1137373726,77
474,161,submarine,1138137497,78
474,185,computers,1137375604,93
474,215,generation x,1138040410,105
474,216,school,1137373675,106
474,222,ireland,1137181644,108
474,223,generation x,1138137480,109
474,224,mental illness,1138137516,110
474,224,psychology,1138137516,110
474,230,stephen king,1138137506,113
474,235,movie business,1137181651,118
474,237,basketball,1138137528,120
474,237,france,1138137528,120
474,237,infertility,1138137528,120
474,246,basketball,1137784780,122
474,247,australia,1137181666,123
474,249,beethoven,1137181672,125
474,252,einstein,1137374021,126
474,257,court,1137375555,129
474,260,darth vader,1137206494,131
474,260,luke skywalker,1137206496,131
474,260,space opera,1137206504,131
474,261,louisa may alcott,1137181688,132
474,262,england,1137206203,133
474,262,girl power,1137206203,133
474,262,india,1137206203,133
474,272,england,1138137566,137
474,272,mental illness,1138137566,137
474,277,christmas,1137374027,140
474,280,prison,1137375585,141
474,282,disability,1137375594,143
474,282,twins,1137375594,143
474,293,hit men,1138137619,147
474,296,hit men,1137205001,148
474,300,tv,1137206376,149
474,307,death,1137203087,152
474,308,marriage,1137206827,153
474,316,time travel,1138137673,156
474,317,christmas,1137374047,157
474,318,prison,1137205060,158
474,318,stephen king,1137181171,158
474,318,wrongful imprisonment,1137205064,158
474,329,enterprise,1137206491,163
474,337,mental illness,1137206828,166
474,338,serial killer,1137375662,167
474,339,coma,1138137781,168
474,342,australia,1138137593,169
474,342,weddings,1138137593,169
474,345,cross dressing,1138040381,171
474,345,men in drag,1138040381,171
474,345,remade,1138040381,171
474,349,tom clancy,1137180961,173
474,350,john grisham,1137375482,174
474,351,interracial romance,1137374008,175
474,356,shrimp,1137375519,178
474,356,vietnam,1137375519,178
474,357,wedding,1137375527,179
474,361,gambling,1138137551,180
474,364,disney,1137180959,182
474,371,journalism,1137375629,187
474,377,bus,1137206476,192
474,380,spies,1137206826,194
474,381,alcoholism,1137375043,195
474,412,edith wharton,1137181633,201
474,421,horses,1138040415,207
474,440,president,1137191329,215
474,454,john grisham,1137181658,219
474,457,based on a tv show,1137784717,221
474,471,hula hoop,1137375547,225
474,474,assassination,1138137543,226
474,475,ireland,1137181677,227
474,477,biopic,1138137776,228
474,480,dinosaur,1137202921,229
474,497,shakespeare,1137181143,238
474,500,cross dressing,1137374959,239
474,500,divorce,1137374961,239
474,500,men in drag,1137374967,239
474,508,aids,1137375634,242
474,515,butler,1137202599,245
474,515,housekeeper,1137202599,245
474,516,military,1137374250,246
474,524,football,1137375002,249
474,527,holocaust,1137180970,250
474,529,chess,1137181705,251
474,534,c.s. lewis,1137181163,255
474,535,large cast,1137206471,256
474,538,race,1138137665,258
474,539,empire state building,1137203041,259
474,541,robots,1137375464,261
474,543,beat poetry,1137203057,263
474,551,christmas,1137375615,265
474,551,halloween,1137375615,265
474,562,adolescence,1137206827,269
474,586,christmas,1137374182,272
474,587,overrated,1137180951,273
474,588,disney,1137180971,274
474,589,robots,1137206517,275
474,590,american indians,1137180976,276
474,590,native americans,1137180976,276
474,592,superhero,1137206164,277
474,593,hannibal lector,1137180982,278
474,594,disney,1137375648,279
474,595,disney,1137180963,280
474,596,disney,1137374224,281
474,597,prostitution,1137206324,282
474,608,coen brothers,1137180968,285
474,616,disney,1138040401,288
474,628,priest,1137375884,289
474,647,gulf war,1137375718,293
474,648,based on a tv show,1138137584,294
474,671,spoof,1138137597,298
474,673,bugs bunny,1137373978,299
474,708,veterinarian,1137203107,302
474,720,aardman,1137206828,307
474,733,alcatraz,1137206418,310
474,736,disaster,1137180960,311
474,745,aardman,1137206827,316
474,748,aliens,1138137820,317
474,750,atomic bomb,1137202888,318
474,778,drug abuse,1137191490,322
474,780,aliens,1137206181,323
474,805,john grisham,1137375969,334
474,818,based on a tv show,1137375996,336
474,830,adultery,1137374123,337
474,832,kidnapping,1137374242,338
474,838,jane austen,1137375748,341
474,852,golf,1137374262,345
474,858,mafia,1137180955,346
474,892,shakespeare,1137375988,349
474,898,divorce,1137206322,350
474,899,movie business,1137181713,351
474,900,france,1138137809,352
474,902,capote,1138137849,353
474,903,falling,1137205255,354
474,904,voyeurism,1137206380,355
474,905,screwball,1137202499,356
474,908,mount rushmore,1138137968,357
474,909,adultery,1137206162,358
474,910,men in drag,1137191481,359
474,911,heist,1138306780,360
474,912,start of a beautiful friendship,1137202319,361
474,913,statue,1137206229,362
474,914,george bernard shaw,1137202973,363
474,915,rich guy poor girl,1137206449,364
474,916,italy,1137206429,365
474,916,royalty,1137206429,365
474,918,1900s,1138137949,366
474,919,dorothy,1137205270,367
474,919,toto,1137205270,367
474,920,civil war,1137374145,368
474,922,movies,1137207406,369
474,923,rosebud,1137202868,370
474,924,hal,1137368035,371
474,924,space,1137368035,371
474,926,hollywood,1137202821,372
474,928,mrs. dewinter,1137202590,373
474,930,assassination,1137207035,374
474,934,wedding,1137375767,376
474,951,screwball,1137202906,377
474,952,race,1137375685,378
474,953,christmas,1138137927,379
474,954,politics,1137202956,380
474,955,leopard,1137368052,381
474,955,screwball,1137368052,381
474,965,fugitive,1137206861,382
474,968,zombies,1137181787,383
474,969,missionary,1137202249,384
474,971,tennessee williams,1138137870,385
474,986,animal movie,1137181755,386
474,991,ireland,1137375821,387
474,994,food,1138137832,388
474,1013,twins,1137375864,392
474,1022,disney,1137181749,398
474,1025,disney,1137375959,400
474,1025,king arthur,1137375959,400
474,1028,disney,1137375815,402
474,1028,nanny,1137375815,402
474,1029,disney,1137375741,403
474,1030,disney,1137374219,404
474,1032,disney,1137374073,406
474,1033,disney,1137202900,407
474,1035,rogers and hammerstein,1137181179,408
474,1042,music,1137203070,412
474,1059,shakespeare,1137181313,416
474,1079,fish,1137202895,423
474,1080,bible,1137375841,424
474,1080,parody,1137375841,424
474,1080,religion,1137375841,424
474,1081,cross dressing,1138138013,425
474,1084,1920s,1138137844,426
474,1084,gangsters,1138137844,426
474,1088,dance,1138306856,428
474,1088,music,1138306856,428
474,1089,heist,1137207100,429
474,1089,violence,1137207100,429
474,1090,vietnam,1138137990,430
474,1093,1960s,1137375736,433
474,1093,jim morrison,1137375736,433
474,1093,music,1137375736,433
474,1096,holocaust,1137375015,436
474,1097,aliens,1137521204,437
474,1101,navy,1138138004,439
474,1103,1950s,1137207088,440
474,1103,adolescence,1137207088,440
474,1104,tennessee williams,1137207146,441
474,1124,aging,1137207041,443
474,1125,clousseau,1137375898,444
474,1135,military,1137374233,448
474,1136,england,1137202949,449
474,1136,king arthur,1137202949,449
474,1147,boxing,1137201093,450
474,1148,aardman,1137368133,451
474,1171,politics,1137181738,452
474,1178,court,1137521169,456
474,1178,military,1137521169,456
474,1179,crime,1138306883,457
474,1183,adultery,1137374103,458
474,1188,australia,1137202649,461
474,1188,dance,1137202649,461
474,1189,police,1137201133,462
474,1193,mental illness,1138137985,463
474,1196,i am your father,1137202639,465
474,1196,space,1137205077,465
474,1196,space opera,1137205075,465
474,1197,inigo montoya,1137202999,466
474,1197,six fingered man,1137202999,466
474,1198,archaeology,1137784496,467
474,1198,ark of the covenant,1137207066,467
474,1198,indiana jones,1137207064,467
474,1200,space,1138137801,469
474,1201,spaghetti western,1138137912,470
474,1203,court,1137206845,471
474,1204,middle east,1137206997,472
474,1206,brainwashing,1138137889,473
474,1207,harper lee,1137191542,474
474,1207,racism,1137191542,474
474,1208,vietnam,1138137816,475
474,1209,spaghetti western,1138137976,476
474,1210,darth vader,1137207127,477
474,1210,luke skywalker,1137207127,477
474,1210,space opera,1137207127,477
474,1212,ferris wheel,1137201067,479
474,1212,venice,1143683500,479
474,1212,zither,1143683500,479
474,1213,mafia,1138137920,480
474,1214,aliens,1137766234,481
474,1217,samurai,1137207077,484
474,1219,norman bates,1137203028,486
474,1220,saturday night live,1137375705,487
474,1221,mafia,1137181066,488
474,1222,vietnam,1137181761,489
474,1223,moon,1137205261,490
474,1224,shakespeare,1137181778,491
474,1225,mozart,1137181247,492
474,1225,salieri,1137181247,492
474,1228,boxing,1137375891,494
474,1230,new york,1137206872,495
474,1231,nasa,1137181802,496
474,1231,space,1137207104,496
474,1233,submarine,1138137835,497
474,1234,the entertainer,1137520998,498
474,1235,may december romance,1137206961,499
474,1237,chess,1137375008,500
474,1237,death,1137375008,500
474,1240,robots,1137368088,501
474,1242,civil war,1137181272,503
474,1243,shakespeare sort of,1137181815,504
474,1244,black and white,1138306904,505
474,1245,mafia,1137375832,506
474,1246,high school,1137191334,507
474,1247,simon and garfunkel,1137181084,508
474,1249,hit men,1138137899,510
474,1250,pow,1137206891,511
474,1252,incest,1137521080,513
474,1253,aliens,1137206910,514
474,1254,cold,1137203094,515
474,1257,skiing,1137375698,517
474,1258,stephen king,1137181824,518
474,1259,stephen king,1137181838,519
474,1260,serial killer,1137207017,520
474,1262,pow,1137206951,522
474,1263,vietnam,1137375724,523
474,1266,revenge,1138031666,525
474,1267,assassination,1137207027,526
474,1267,brainwashing,1137207027,526
474,1269,murder,1138137828,527
474,1270,time travel,1137202832,528
474,1272,world war ii,1137181795,530
474,1276,prison,1137520930,534
474,1278,spoof,1138031675,536
474,1281,nazis,1137206944,537
474,1282,disney,1137375752,538
474,1283,gunfight,1138306895,539
474,1284,hammett,1138306774,540
474,1285,high school,1137368062,541
474,1288,heavy metal,1137368105,543
474,1288,mockumentary,1137368105,543
474,1288,music,1137368105,543
474,1291,archaeology,1137206982,546
474,1291,holy grail,1137206982,546
474,1292,television,1137206878,547
474,1293,india,1137191587,548
474,1296,e. m. forster,1137191679,550
474,1299,cambodia,1138137933,553
474,1299,vietnam,1138137933,553
474,1301,shakespeare sort of,1138306870,554
474,1301,space,1138306870,554
474,1302,baseball,1138137903,555
474,1303,india,1138031736,556
474,1304,crime,1138137854,557
474,1307,new york,1137202686,558
474,1333,birds,1137202841,562
474,1343,remake,1137181261,565
474,1344,lawyer,1137202856,566
474,1345,high school,1137784649,567
474,1345,prom,1137784649,567
474,1345,stephen king,1137784649,567
474,1348,vampires,1137374972,569
474,1350,demons,1137368289,570
474,1356,borg,1137202633,571
474,1358,ex con,1137203050,573
474,1367,dogs,1137374063,575
474,1367,remake,1137374063,575
474,1372,klingons,1137203064,578
474,1374,captain kirk,1138031870,580
474,1376,whales,1137368320,582
474,1377,superhero,1137374089,583
474,1380,high school,1137368225,586
474,1381,high school,1137374154,587
474,1387,shark,1137202913,589
474,1393,sports,1137205489,592
474,1394,coen brothers,1137181415,593
474,1396,spying,1138031853,594
474,1407,slasher,1138031814,596
474,1407,spoof,1138031814,596
474,1408,hawkeye,1137368264,597
474,1408,james fennimore cooper,1137368264,597
474,1411,shakespeare,1137191597,599
474,1416,andrew lloyd weber,1137374117,600
474,1441,mental illness,1137375694,604
474,1449,mockumentary,1137368329,605
474,1466,mafia,1137191577,609
474,1474,jungle,1137374191,610
474,1485,lawyer,1137375802,615
474,1500,hit men,1137368241,618
474,1500,reunion,1137368241,618
474,1513,reunion,1137375929,619
474,1537,ballroom dance,1137368308,624
474,1544,dinosaurs,1137373781,626
474,1569,weddings,1138031775,631
474,1573,transplants,1137205452,632
474,1580,aliens,1137205519,633
474,1586,military,1137374138,635
474,1608,president,1137375681,643
474,1610,tom clancy,1137191607,644
474,1617,police,1137191242,648
474,1625,twist ending,1138031717,651
474,1635,1970s,1137191612,652
474,1645,lawyers,1137374095,656
474,1653,future,1137205460,657
474,1663,military,1137375949,658
474,1674,amish,1137521041,662
474,1680,alternate universe,1138031846,665
474,1682,tv,1137205617,666
474,1711,savannah,1137374207,673
474,1717,sequel,1138031833,674
474,1717,slasher,1138031824,674
474,1717,spoof,1138031824,674
474,1719,canada,1139838573,675
474,1719,death,1139838573,675
474,1721,shipwreck,1138031879,676
474,1732,coen brothers,1138306661,680
474,1735,charles dickens,1137374163,681
474,1748,amnesia,1138031699,683
474,1777,1980s,1137205630,689
474,1810,politics,1137374994,696
474,1834,twist ending,1138031861,699
474,1909,conspiracy,1137205667,713
474,1912,heist,1138031795,715
474,1917,space,1137373862,717
474,1921,mathematics,1138031797,720
474,1945,boxing,1137191644,724
474,1945,coulda been a contender,1137191644,724
474,1947,gangs,1137202674,725
474,1950,racism,1137520942,726
474,1952,prostitution,1138031755,727
474,1953,drugs,1137368199,728
474,1953,police,1137368199,728
474,1954,boxing,1137191671,729
474,1954,sports,1137191671,729
474,1955,divorce,1137181397,730
474,1957,olympics,1137181069,732
474,1957,sports,1137181069,732
474,1959,adultery,1138031923,734
474,1959,africa,1138031923,734
474,1960,china,1137368246,735
474,1961,autism,1137191663,736
474,1962,rasicm,1137368186,737
474,1994,ghosts,1138031804,747
474,1997,demons,1137368191,748
474,2006,california,1138031745,755
474,2006,mexico,1138031745,755
474,2011,time travel,1137374084,758
474,2019,samurai,1137368312,762
474,2020,adultery,1137368176,763
474,2028,world war ii,1137180952,766
474,2054,disney,1138032013,770
474,2058,police,1138032116,771
474,2059,twins,1137374214,772
474,2064,general motors,1138032156,774
474,2064,michigan,1138032156,774
474,2076,sexuality,1137418851,778
474,2076,suburbia,1137418851,778
474,2078,disney,1138032023,779
474,2080,disney,1138032086,780
474,2085,disney,1137191781,784
474,2097,carnival,1138559451,791
474,2097,ray bradbury,1138559451,791
474,2100,mermaid,1137191808,792
474,2108,weather forecaster,1138032081,794
474,2114,s.e. hinton,1137191789,798
474,2115,archaeology,1137784519,799
474,2116,tolkein,1137374427,800
474,2118,stephen king,1137191728,802
474,2122,stephen king,1137373696,803
474,2139,mice,1137521184,814
474,2145,1980s,1138032148,820
474,2145,high school,1138032148,820
474,2160,demons,1138032159,824
474,2167,vampires,1137374320,826
474,2186,murder,1137205604,829
474,2194,capone,1138032218,831
474,2194,gangsters,1138032218,831
474,2243,journalism,1137205380,834
474,2247,mafia,1137374432,836
474,2248,in your eyes,1137202613,837
474,2248,lloyd dobbler,1137202613,837
474,2249,mafia,1137374445,838
474,2268,court,1137191761,840
474,2268,military,1137191761,840
474,2291,freaks,1137205437,846
474,2300,broadway,1137205562,850
474,2302,court,1137374439,852
474,2312,death penalty,1137374919,854
474,2313,freaks,1137205442,855
474,2324,holocaust,1137181119,858
474,2329,racism,1138031951,860
474,2334,terrorism,1138032178,861
474,2335,football,1137374560,862
474,2336,england,1137191737,863
474,2355,pixar,1137191711,869
474,2391,heist,1138032185,884
474,2394,bible,1137191285,886
474,2394,moses,1137202582,886
474,2396,england,1137191800,888
474,2410,boxing,1137374485,897
474,2411,boxing,1137373840,898
474,2412,boxing,1137373964,899
474,2420,martial arts,1138032051,903
474,2421,martial arts,1137374406,904
474,2422,martial arts,1137374411,905
474,2423,christmas,1137373883,906
474,2424,e mail,1137202717,907
474,2424,remake,1137202717,907
474,2431,doctors,1137373812,910
474,2463,kidnapping,1137374497,917
474,2467,religion,1140703344,918
474,2470,australia,1137374348,920
474,2471,australia,1137373731,921
474,2502,stapler,1138032123,929
474,2502,workplace,1138032129,929
474,2517,stephen king,1137373705,932
474,2529,twist ending,1138032140,936
474,2565,siam,1137191238,943
474,2571,alternate universe,1137204991,945
474,2572,shakespeare sort of,1137374893,946
474,2581,high school,1138032122,948
474,2583,southern us,1138031988,949
474,2598,golfing,1137374470,952
474,2600,virtual reality,1138031996,954
474,2628,prequel,1138032197,960
474,2628,the force,1138032197,960
474,2640,superhero,1138032200,961
474,2641,superhero,1138032201,962
474,2642,superhero,1137373986,963
474,2664,1950s,1138032017,968
474,2692,alternate endings,1138032166,976
474,2699,spiders,1137373650,978
474,2710,claims to be true,1138031976,984
474,2710,video,1138031976,984
474,2712,sexuality,1138032003,985
474,2716,ghosts,1137205464,987
474,2717,ghosts,1137373633,988
474,2719,remake,1137373916,990
474,2723,superhero,1137205533,993
474,2728,crucifixion,1137520905,995
474,2728,rome,1137520896,995
474,2728,slavery,1137520896,995
474,2761,robots,1138032019,1001
474,2762,ghosts,1137205068,1002
474,2762,i see dead people,1137202627,1002
474,2791,aviation,1138031941,1008
474,2791,spoof,1138031941,1008
474,2797,children,1138032265,1014
474,2803,lawyers,1137374982,1017
474,2804,christmas,1137191720,1018
474,2827,aliens,1137374307,1024
474,2863,beatles,1138032352,1029
474,2871,river,1138032293,1031
474,2872,england,1137191745,1032
474,2872,king arthur,1137191745,1032
474,2915,prostitution,1137374478,1039
474,2918,high school,1137191753,1042
474,2952,gambling,1137191914,1053
474,2959,violence,1137205034,1055
474,2966,brothers,1138032507,1056
474,2966,lawn mower,1138032507,1056
474,2968,time travel,1138032520,1057
474,2987,live action/animation,1138032544,1061
474,3000,anime,1138032418,1068
474,3006,tobacco,1138032361,1071
474,3006,true story,1138032361,1071
474,3030,samurai,1138032553,1076
474,3039,class,1138032532,1081
474,3044,memory,1137202357,1082
474,3044,music,1137202357,1082
474,3052,religion,1137191859,1083
474,3072,new york,1137191274,1089
474,3081,ichabod crane,1137374535,1090
474,3087,christmas,1137271226,1093
474,3087,new york,1137271222,1093
474,3098,baseball,1137201875,1096
474,3098,sports,1137201875,1096
474,3101,adultery,1138032312,1098
474,3108,homeless,1137374925,1102
474,3114,pixar,1138032529,1104
474,3147,stephen king,1137191901,1106
474,3160,l.a.,1137202527,1111
474,3174,andy kaufman,1137191943,1114
474,3175,spoof,1138032315,1115
474,3176,europe,1137202659,1116
474,3176,murder,1137202659,1116
474,3178,boxing,1137374389,1117
474,3210,high school,1137374381,1122
474,3247,nuns,1137374526,1128
474,3258,plastic surgery,1137375095,1136
474,3259,ireland,1137375116,1137
474,3260,e.m. forster,1137181368,1138
474,3263,basketball,1137374566,1141
474,3270,figure skating,1137375084,1146
474,3273,slasher,1138032428,1148
474,3273,spoof,1138032428,1148
474,3307,blind,1137205412,1155
474,3317,writing,1138032548,1157
474,3360,basketball,1137784798,1164
474,3386,politics,1137191934,1168
474,3386,president,1137191934,1168
474,3408,scandal,1138032304,1173
474,3408,true story,1138032304,1173
474,3421,college,1137374581,1176
474,3421,toga,1137374587,1176
474,3424,racism,1137191865,1177
474,3429,aardman,1140626569,1178
474,3435,insurance,1137520877,1179
474,3451,hepburn and tracy,1137181361,1186
474,3451,interracial marriage,1137205479,1186
474,3451,prejudice,1137205481,1186
474,3451,racism,1137205477,1186
474,3461,island,1138032377,1188
474,3462,factory,1137205526,1189
474,3468,pool,1137521005,1190
474,3481,nick hornby,1137181093,1195
474,3489,peter pan,1137191920,1198
474,3504,journalism,1137191950,1201
474,3526,families,1138032724,1206
474,3536,priest,1137181376,1210
474,3536,rabbi,1137181376,1210
474,3552,golf,1137374630,1213
474,3556,1970s,1138032871,1215
474,3556,suicide,1138032871,1215
474,3608,pee wee herman,1138032732,1220
474,3683,coen brothers,1137521124,1237
474,3730,spying,1138032598,1250
474,3735,police,1138032794,1251
474,3793,superhero,1137205670,1266
474,3897,journalism,1137205322,1284
474,3897,music,1137205322,1284
474,3897,rolling stone,1137205322,1284
474,3910,blindness,1138032613,1285
474,3910,factory,1138032613,1285
474,3911,dogs,1137181343,1286
474,3949,drug abuse,1137192093,1290
474,3967,ballet,1137191989,1291
474,3988,dr. seuss,1137373756,1302
474,3994,superhero,1137205619,1303
474,3996,china,1138032606,1304
474,3996,martial arts,1138032600,1304
474,4007,business,1138032878,1310
474,4019,writing,1138032630,1318
474,4025,pageant,1137374719,1322
474,4027,bluegrass,1137520959,1323
474,4029,movies,1137205589,1324
474,4034,based on a tv show,1137784729,1326
474,4105,zombies,1137374672,1336
474,4214,college,1137374771,1345
474,4226,backwards. memory,1137191263,1347
474,4232,spying,1138032824,1349
474,4246,singletons,1137205374,1353
474,4306,fairy tales,1137205586,1361
474,4326,race,1137375204,1366
474,4326,rasicm,1137375204,1366
474,4333,strangers on a train,1138032832,1368
474,4361,men in drag,1138032838,1373
474,4370,robots,1137205306,1378
474,4396,race,1137373684,1382
474,4447,lawyers,1138032674,1384
474,4448,heist,1138032773,1385
474,4489,africa,1137766266,1388
474,4489,immigrants,1137374636,1388
474,4545,robots,1137374781,1390
474,4558,twins,1137374798,1391
474,4571,time travel,1137205348,1392
474,4621,babies,1137374699,1393
474,4623,baseball,1137374712,1394
474,4638,dinosaurs,1137374692,1395
474,4639,hollywood,1137375071,1396
474,4639,movie business,1137375071,1396
474,4641,adolescence,1138032652,1397
474,4677,dogs,1137373991,1400
474,4787,prodigies,1138032687,1409
474,4823,wedding,1138032791,1412
474,4874,aliens,1137375186,1417
474,4874,psychiatrist,1137375186,1417
474,4878,time travel,1137205781,1419
474,4881,coen brothers,1137192055,1420
474,4896,magic,1137205893,1424
474,4896,wizards,1137205893,1424
474,4902,ghosts,1137367852,1426
474,4963,heist,1138039322,1430
474,4973,whimsical,1137202289,1432
474,4979,new york,1137271220,1435
474,4980,time travel,1138039109,1436
474,4993,tolkein,1137181125,1438
474,5015,race,1138039271,1444
474,5064,dumas,1138039163,1449
474,5064,revenge,1138039163,1449
474,5135,india,1137192060,1457
474,5266,crime,1138039345,1467
474,5291,samurai,1142282530,1470
474,5294,religion,1138039177,1471
474,5349,superhero,1137206068,1477
474,5377,nick hornby,1137181073,1478
474,5445,future,1137206007,1486
474,5502,aliens,1137206065,1493
474,5505,adultery,1137205854,1494
474,5505,younger men,1137205854,1494
474,5528,photography,1138039335,1496
474,5528,psychopaths,1138039335,1496
474,5577,adolescence,1138039226,1499
474,5618,anime,1137206076,1502
474,5630,hannibal lecter,1139059884,1505
474,5669,violence in america,1138039133,1507
474,5673,pudding,1137206033,1508
474,5690,made me cry,1137205866,1510
474,5690,orphans,1137205866,1510
474,5791,art,1138039181,1514
474,5812,salute to douglas sirk,1137181505,1516
474,5816,magic,1137205882,1517
474,5816,wizards,1137205882,1517
474,5878,coma,1138039423,1519
474,5952,tolkein,1137181130,1526
474,5954,crime,1138039070,1527
474,5954,nightclub,1138039070,1527
474,5971,anime,1138039281,1531
474,5989,crime,1138039137,1532
474,5991,court,1138039145,1533
474,5991,jazz,1138039140,1533
474,5991,murder,1138039142,1533
474,5995,holocaust,1137181562,1535
474,6003,television,1138307058,1536
474,6016,crime,1138039157,1537
474,6016,photography,1138039157,1537
474,6016,violence,1138039157,1537
474,6156,england,1138307301,1541
474,6218,soccer,1138039102,1544
474,6242,television,1138307280,1545
474,6281,crime,1138307249,1546
474,6296,mockumentary,1138039267,1550
474,6297,children,1138307101,1551
474,6305,ray bradbury,1137181490,1552
474,6331,spelling bee,1138039807,1554
474,6333,jean grey,1137202706,1555
474,6333,magneto,1137202706,1555
474,6333,rogue,1137202706,1555
474,6333,superhero,1137205082,1555
474,6333,wolverine,1137202706,1555
474,6350,anime,1138039543,1556
474,6367,retro,1138039562,1558
474,6373,religion,1137375076,1559
474,6377,disney,1138039593,1560
474,6377,fish,1138039593,1560
474,6378,heist,1138307128,1561
474,6385,girl power,1137202810,1563
474,6440,movie business,1138307037,1564
474,6502,zombies,1137181462,1566
474,6535,politics,1137374839,1569
474,6539,swashbuckler,1138307257,1571
474,6552,immigration,1138039559,1575
474,6565,horses,1138307288,1577
474,6620,cancer,1137205715,1582
474,6662,clousseau,1137375266,1584
474,6708,con men,1138307183,1585
474,6708,fatherhood,1138307183,1585
474,6711,japan,1138307143,1587
474,6753,animal movie,1138307295,1588
474,6773,biking,1138307369,1592
474,6787,journalism,1138039529,1593
474,6787,watergate,1138039529,1593
474,6807,british comedy,1138307193,1596
474,6863,school,1138307284,1598
474,6867,trains,1138039811,1599
474,6870,child abuse,1138307224,1600
474,6870,kidnapping,1138307224,1600
474,6874,martial arts,1138039672,1602
474,6874,revenge,1138039672,1602
474,6936,christmas,1138039581,1607
474,6944,remake,1137374824,1609
474,6944,wedding,1137374824,1609
474,6979,cold war,1138039874,1614
474,6993,family,1138039618,1615
474,7090,martial arts,1138039622,1619
474,7153,tolkein,1137181217,1627
474,7156,vietnam,1138039601,1629
474,7160,serial killer,1138039725,1630
474,7162,civil war,1138039548,1631
474,7318,religion,1138039757,1640
474,7323,cold war,1138039614,1641
474,7361,memory,1137205808,1647
474,7371,grace,1137205800,1649
474,7438,revenge,1137205948,1652
474,7451,high school,1137205962,1656
474,8228,heist,1138040147,1662
474,8360,ogres,1138040236,1663
474,8366,pregnancy,1138040220,1665
474,8366,religion,1138040220,1665
474,8368,magic,1137202784,1666
474,8368,wizards,1137202784,1666
474,8376,high school,1138040176,1670
474,8464,food,1138040254,1671
474,8464,mcdonalds,1138040254,1671
474,8622,politics,1138040083,1675
474,8622,terrorism,1138040083,1675
474,8636,doc ock,1137202798,1677
474,8638,generation x,1138039967,1678
474,8784,psychology,1138040105,1685
474,8874,zombies,1138040225,1692
474,8914,time travel,1138040211,1695
474,8949,wine,1138040242,1698
474,8950,psychology,1138040138,1699
474,8958,biopic,1138040214,1701
474,8961,disney,1138040115,1702
474,8961,superhero,1138040115,1702
474,8970,peter pan,1138040086,1705
474,8983,martial arts,1138040109,1709
474,26662,anime,1138040136,1712
474,30707,boxing,1138040320,1724
474,30749,genocide,1137205917,1725
474,30793,roald dahl,1138038979,1726
474,30812,biopic,1138038949,1728
474,30812,howard hughes,1138038949,1728
474,30812,movie business,1138038949,1728
474,30822,busniess,1137205938,1730
474,31658,06 oscar nominated best movie animation,1145451856,1735
474,33166,racism,1138038982,1744
474,33493,space,1137206087,1745
474,33493,space opera,1137206087,1745
474,33660,boxing,1137201602,1747
474,34405,firefly,1137181624,1757
474,36517,africa,1139234947,1762
474,36517,business,1139234947,1762
474,36517,politics,1139234947,1762
474,37729,06 oscar nominated best movie animation,1139059938,1770
474,37741,truman capote,1142996187,1772
474,38038,06 oscar nominated best movie animation,1139664190,1774
474,38038,aardman,1139664221,1774
474,39292,journalism,1137201595,1777
474,39292,mccarthy hearings,1137201595,1777
474,39292,morrow,1137201595,1777
474,40815,magic,1137202776,1783
474,40815,wizards,1137202776,1783
474,40819,johnny cash,1137200595,1784
474,41566,c.s. lewis,1137181617,1787
477,32,brad pitt,1242494310,26
477,32,bruce willis,1242494306,26
477,32,mindfuck,1242494321,26
477,32,post apocalyptic,1242494300,26
477,32,post apocalyptic,1242494300,26
477,32,remake,1242494315,26
477,32,time travel,1242494304,26
477,32,twist ending,1242494302,26
477,34,villain nonexistent or not needed for good story,1244787845,27
477,104,adam sandler,1244787691,56
477,216,adam sandler,1244787718,106
477,216,stop looking at me swan,1244787726,106
477,318,morgan freeman,1244566076,158
477,541,androids,1262795764,261
477,541,artificial intelligence,1262795769,261
477,541,atmospheric,1262795768,261
477,541,cyberpunk,1262795770,261
477,541,future,1262795772,261
477,541,mindfuck,1262795778,261
477,541,philip k. dick,1262795776,261
477,589,scifi masterpiece,1201166474,275
477,593,disturbing,1241396359,278
477,593,drama,1241396391,278
477,593,gothic,1241396378,278
477,593,psychology,1241396367,278
477,593,suspense,1241396389,278
477,733,michael bay,1241938858,310
477,733,terrorism,1241938853,310
477,750,black comedy,1242494959,318
477,750,dark comedy,1242494953,318
477,750,satire,1242494951,318
477,832,give me back my son!,1269832636,338
477,832,it was melodramatic and kind of dumb,1269832633,338
477,832,mel gibson,1269832629,338
477,903,alfred hitchcock,1242577125,354
477,903,atmospheric,1242577135,354
477,903,james stewart,1242577112,354
477,904,james stewart,1242577056,355
477,904,mystery,1242577064,355
477,904,photographer,1242577068,355
477,904,photography,1242577070,355
477,908,alfred hitchcock,1242577097,357
477,922,eerie,1245030098,369
477,922,movie business,1245030089,369
477,1089,humorous,1242494883,429
477,1089,neo noir,1242494879,429
477,1089,quentin tarantino,1242494874,429
477,1089,religion,1242494896,429
477,1089,tarantino,1242494887,429
477,1196,classic,1262795806,465
477,1196,george lucas,1262795793,465
477,1196,harrison ford,1262795792,465
477,1196,music,1262795815,465
477,1196,original plot,1262795808,465
477,1196,sci fi,1262795797,465
477,1196,sequel,1262795800,465
477,1219,alfred hitchcock,1242577153,486
477,1219,black and white,1242577173,486
477,1219,remade,1242577165,486
477,1222,anti war,1242494925,489
477,1274,animation,1244787931,532
477,1274,anime,1244787929,532
477,1274,visually stunning,1244787944,532
477,2393,cameo:whoopi goldberg,1242278473,885
477,2393,space opera,1242278463,885
477,2393,star trek,1242278464,885
477,2694,adam sandler,1244787788,977
477,2706,best comedy,1244707216,982
477,2706,chris klein,1244707221,982
477,2706,dumb,1244707211,982
477,2706,jason biggs,1244707223,982
477,2706,not funny,1244707227,982
477,2706,pizza beer,1244707207,982
477,2706,seann william scott,1244707224,982
477,2706,teen,1244707202,982
477,2761,animation,1244787872,1001
477,3000,adventure,1241396438,1068
477,3000,atmospheric,1241396434,1068
477,3000,fantasy world,1241396427,1068
477,3000,studio ghibli,1241396420,1068
477,3000,surreal,1241396422,1068
477,3527,aliens,1278683918,1207
477,3527,arnold schwarzenegger,1269832592,1207
477,3527,dialogue,1269832605,1207
477,3527,guns,1278683912,1207
477,3527,jesse ventura,1269832593,1207
477,3527,macho,1269832597,1207
477,3527,sci fi,1269832609,1207
477,3527,scifi cult,1269832612,1207
477,3994,atmospheric,1241396301,1303
477,3994,comics,1241396280,1303
477,3994,father son relationship,1241396313,1303
477,3994,mindfuck,1241396308,1303
477,3994,unique,1241396293,1303
477,4226,mystery,1256051072,1347
477,4226,twist ending,1256051079,1347
477,4878,dreamlike,1242494462,1419
477,4878,hallucinatory,1242494486,1419
477,4878,mental illness,1242494483,1419
477,4878,psychology,1242494469,1419
477,4878,social commentary,1242494478,1419
477,4878,teen,1242494496,1419
477,4878,thought provoking,1242494462,1419
477,5459,crappy sequel,1262795620,1488
477,5459,first was much better,1262795632,1488
477,5459,sequel,1262795653,1488
477,7361,cult film,1242494340,1647
477,7361,imagination,1256051047,1647
477,7361,jim carrey,1242494357,1647
477,7361,love,1256051045,1647
477,7361,surreal,1256051041,1647
477,7439,comic book,1201196824,1653
477,8783,atmospheric,1242580424,1684
477,8783,good soundtrack,1242580444,1684
477,8783,m. night shyamalan,1242580441,1684
477,8961,animation,1244789192,1702
477,8961,samuel l. jackson,1244789197,1702
477,41569,big budget,1262795959,1788
477,45499,halle berry,1262795979,1809
477,45499,hugh jackman,1262795972,1809
477,47610,costume drama,1242580608,1832
477,47610,edward norton,1242580578,1832
477,47610,magic,1242580595,1832
477,47610,paul giamatti,1242580580,1832
477,54503,friendship,1244566102,1891
477,54503,high school,1244566117,1891
477,54503,michael cera,1244566094,1891
477,54503,nerds,1244566133,1891
477,54503,self discovery,1244566119,1891
477,54503,shenanigans,1244566122,1891
477,54503,virginity,1244566127,1891
477,56174,alone in the world,1262795676,1914
477,56174,apocalypse,1262795677,1914
477,56174,based on a book,1262795681,1914
477,56174,last man on earth,1262795684,1914
477,56174,plot holes,1262795671,1914
477,56174,post apocalyptic,1262795695,1914
477,56174,post apocalyptic,1262795699,1914
477,56174,religion,1262795669,1914
477,56174,vampire,1262795702,1914
477,56367,michael cera,1244566158,1916
477,56367,notable soundtrack,1244566156,1916
477,56367,pregnancy,1244566154,1916
477,56367,teenage pregnancy,1244566153,1916
477,56367,witty,1244566176,1916
477,57669,black comedy,1269832562,1926
477,57669,colin farrell,1269832561,1926
477,57669,dark comedy,1269832559,1926
477,57669,drugs,1269832564,1926
477,57669,friendship,1269832567,1926
477,57669,irreverent,1269832579,1926
477,57669,ralph fiennes,1269832572,1926
477,57669,stylized,1269832574,1926
477,60069,last man on earth,1241396252,1946
477,60069,love story,1241396256,1946
477,60069,post apocalyptic,1241396239,1946
477,60069,social commentary,1241396236,1946
477,61323,brad pitt,1269832483,1958
477,61323,coen bros,1269832486,1958
477,61323,coen brothers,1269832484,1958
477,61323,dark comedy,1269832488,1958
477,61323,espionage,1269832491,1958
477,61323,george clooney,1269832490,1958
477,61323,john malkovich,1269832492,1958
477,61323,satire,1269832497,1958
477,61323,twists & turns,1269832504,1958
477,61323,weird,1269832501,1958
477,66934,joss whedon,1244788368,1982
477,66934,nathan fillion,1244788378,1982
477,66934,neil patrick harris,1244788374,1982
477,66934,parody,1244788359,1982
477,67087,andy samberg,1269833868,1983
477,67087,bromance,1269833887,1983
477,67087,bromantic,1269833884,1983
477,67087,comedy,1269833878,1983
477,67087,jaime pressly,1269833873,1983
477,67087,jason segel,1269833863,1983
477,67087,masculinity,1269833871,1983
477,67087,paul rudd,1269833866,1983
477,68237,2001 like,1252898614,1989
477,68237,sci fi,1252898620,1989
477,68237,solitude,1252898625,1989
477,68319,bad plot,1262795886,1990
477,68319,comic book,1241938912,1990
477,68319,hugh jackman,1262795892,1990
477,68319,ryan reynolds,1262795891,1990
477,68319,too many characters,1241941484,1990
477,68358,future,1245030304,1991
477,68358,lack of development,1262795924,1991
477,68358,lack of story,1262795926,1991
477,68358,quick cuts,1245030309,1991
477,68358,sci fi,1262795933,1991
477,68358,simon pegg,1245030316,1991
477,68358,space,1262795932,1991
477,68358,space travel,1262795931,1991
477,68358,time travel,1262795929,1991
477,68791,artificial intelligence,1262795849,1993
477,68791,bad acting,1262795862,1993
477,68791,bad plot,1262795842,1993
477,68791,bad script,1262795859,1993
477,68791,christian bale,1262795846,1993
477,68791,fighting the system,1262795852,1993
477,68791,franchise,1262795875,1993
477,68791,new composer,1243401981,1993
477,68791,post apocalyptic,1262795854,1993
477,68791,robots,1243401992,1993
477,68791,sci fi,1262795871,1993
477,68791,sequel,1262795873,1993
477,69526,bad plot,1262795720,1999
477,69526,michael bay,1262795729,1999
477,69526,needed more autobots,1246346162,1999
477,69526,plot holes,1262795732,1999
477,69526,ridiculous,1262795737,1999
477,69526,shia labeouf,1246346172,1999
477,69526,stop using useless characters for filler,1246346159,1999
477,69757,artistic,1279956134,2001
477,69757,funny,1279956141,2001
477,69757,humorous,1279956124,2001
477,69757,inspiring,1279956130,2001
477,69757,intelligent,1279956132,2001
477,69757,quirky,1279956145,2001
477,69757,romance,1279956123,2001
477,69757,zooey deschanel,1279956120,2001
477,70286,intelligent sci fi,1250476969,2006
477,72998,bad science,1262707524,2020
477,72998,futuristic,1262707531,2020
477,72998,graphic design,1262707532,2020
477,72998,james cameron,1262707536,2020
477,72998,military,1262707534,2020
477,72998,poor dialogue,1262707537,2020
477,72998,sci fi,1262707551,2020
477,72998,superficial plot,1262707525,2020
477,72998,unoriginal,1262794416,2020
477,72998,white guilt,1262707542,2020
477,79132,dreamlike,1280608188,2039
477,79132,surreal,1280608178,2039
477,79132,visually appealing,1280608181,2039
477,79702,geeky,1282923864,2045
477,79702,michael cera,1282923853,2045
477,79702,stylized,1282923856,2045
477,79702,video games,1282923860,2045
477,82461,action choreography,1296891206,2061
477,82461,horrid characterisation,1296891200,2061
477,82461,poor plot development,1296891195,2061
477,82461,sequel,1296891202,2061
477,82461,soundtrack,1296891203,2061
487,112552,passion,1429347541,2196
487,112552,psychological,1429347541,2196
487,112552,suspense,1429347541,2196
506,112552,jazz,1424487178,2196
506,112552,music,1424487178,2196
506,112552,tense,1424487178,2196
513,750,purity of essence,1159980456,318
513,750,slim pickens,1159980456,318
513,6787,deep throat,1159980769,1593
520,3039,dan aykroyd,1326608424,1081
533,356,bubba gump shrimp,1424753866,178
533,356,lieutenant dan,1424753866,178
533,356,stupid is as stupid does,1424753866,178
537,527,based on a true story,1424142072,250
537,527,biography,1424142112,250
537,527,disturbing,1424142113,250
537,527,holocaust,1424142110,250
537,1625,mystery,1424141701,651
537,1721,romance,1424141922,676
537,2329,edward norton,1424141449,860
537,2329,emotional,1424141459,860
537,2329,politics,1424141461,860
537,2571,philosophy,1424141098,945
537,2571,post apocalyptic,1424141101,945
537,3949,depressing,1424141547,1290
537,3949,psychology,1424141551,1290
537,5989,cheating,1424139697,1532
537,5989,intelligent,1424139627,1532
537,5989,leonardo dicaprio,1424139605,1532
537,5989,lies,1424139629,1532
537,5989,smart,1424139670,1532
537,5989,tom hanks,1424139608,1532
537,5989,twists & turns,1424139659,1532
537,8533,memory loss,1424141963,1674
537,8533,romance,1424141953,1674
537,8533,sad,1424141974,1674
537,55765,corruption,1424139519,1907
537,55765,denzel washington,1424139515,1907
537,55765,mafia,1424139559,1907
537,55765,organized crime,1424139529,1907
537,58295,heist,1424139043,1931
537,58295,robbery,1424139058,1931
537,58295,small time criminals,1424139056,1931
537,69122,casino,1424140307,1996
537,69122,comedy,1424140299,1996
537,69122,funny,1424140317,1996
537,69122,hotel,1424140308,1996
537,69122,las vegas,1424140298,1996
537,69481,war,1424144802,1998
537,72998,beautiful scenery,1424140229,2020
537,72998,graphic design,1424140242,2020
537,72998,music,1424140259,2020
537,72998,politics,1424140263,2020
537,72998,romance,1424140252,2020
537,72998,thought provoking,1424140286,2020
537,72998,too long,1424140237,2020
537,72998,visually stunning,1424140233,2020
537,79132,big budget,1424140151,2039
537,79132,clever,1424140142,2039
537,79132,complicated,1424140133,2039
537,79132,dead wife,1424140200,2039
537,79132,great soundtrack,1424140118,2039
537,79132,heist,1424140154,2039
537,79132,intellectual,1424140159,2039
537,79132,mindfuck,1424140185,2039
537,79132,philosophy,1424140124,2039
537,79132,psychological,1424140165,2039
537,79132,psychology,1424140162,2039
537,79132,suspense,1424140144,2039
537,79132,thought provoking,1424140130,2039
537,80489,crime,1424139483,2048
537,80489,fbi,1424139489,2048
537,80489,romance,1424139421,2048
537,80489,too much love interest,1424139454,2048
537,80906,business,1424461859,2050
537,80906,corruption,1424461848,2050
537,80906,economics,1424461852,2050
537,80906,investor corruption,1424461854,2050
537,80906,politics,1424461849,2050
537,80906,truth,1424461857,2050
537,89745,captain america,1424140576,2095
537,89745,silly,1424140613,2095
537,89745,superhero,1424140571,2095
537,89745,superhero team,1424140598,2095
537,92259,emotional,1424141413,2111
537,92259,sexuality,1424141386,2111
537,95441,crude humor,1424140358,2122
537,97304,cia,1424138568,2131
537,97304,politics,1424138581,2131
537,97304,thrilling,1424138560,2131
537,99114,soundtrack,1424140415,2142
537,104841,cliche characters,1424140813,2161
537,104841,long shots,1424140806,2161
537,104841,predictable,1424140784,2161
537,104841,simple,1424140794,2161
537,104841,slow action,1424140827,2161
537,104841,visually appealing,1424140838,2161
537,105504,hostage,1424141178,2164
537,105504,ocean,1424141170,2164
537,105504,suspense,1424141149,2164
537,106782,stock market,1424142693,2172
537,106782,wall street,1424142688,2172
567,1,fun,1525286013,0
567,101,off beat comedy,1525287216,55
567,101,quirky,1525287214,55
567,308,cynical,1525287798,153
567,356,bittersweet,1525287545,178
567,356,emotional,1525287537,178
567,356,heartwarming,1525287541,178
567,356,touching,1525287539,178
567,541,atmospheric,1525286590,261
567,541,dreamlike,1525286588,261
567,541,existentialism,1525286583,261
567,541,philosophical,1525286586,261
567,750,black comedy,1525287727,318
567,750,dark comedy,1525287724,318
567,750,quirky,1525287729,318
567,1203,claustrophobic,1525283652,471
567,1203,confrontational,1525283610,471
567,1203,earnest,1525283658,471
567,1203,good dialogue,1525283605,471
567,1203,great screenplay,1525283612,471
567,1203,gritty,1525283636,471
567,1203,motivational,1525283631,471
567,1203,thought provoking,1525283607,471
567,1237,atmospheric,1525286526,500
567,1237,cerebral,1525286536,500
567,1237,existentialism,1525286523,500
567,1237,philosophical,1525286544,500
567,1237,reflective,1525286538,500
567,1260,atmospheric,1525285649,520
567,1260,chilly,1525285661,520
567,1260,creepy,1525285667,520
567,1260,menacing,1525285665,520
567,1260,mental illness,1525285654,520
567,1260,oninous,1525285670,520
567,1653,intelligent,1525287116,657
567,1653,thought provoking,1525287118,657
567,1704,heartwarming,1525287326,672
567,1704,inspirational,1525287323,672
567,1916,avant garde romantic comedy,1525282933,716
567,1916,elegiac,1525282961,716
567,1916,melancholy,1525282935,716
567,1916,quirky,1525282930,716
567,1916,wry,1525282972,716
567,1921,artsy,1525287302,720
567,1921,atmospheric,1525287273,720
567,1921,cerebral,1525287286,720
567,1921,enigmatic,1525287289,720
567,1921,existentialism,1525287275,720
567,1921,hallucinatory,1525287271,720
567,1921,insanity,1525287293,720
567,1921,paranoia,1525287295,720
567,1921,paranoid,1525287277,720
567,1921,surreal,1525287281,720
567,1921,tense,1525287285,720
567,1921,visually appealing,1525287283,720
567,2138,atmospheric,1525283760,813
567,2138,beautiful,1525283752,813
567,2324,bittersweet,1525285789,858
567,2324,emotional,1525285791,858
567,2324,heartwarming,1525285795,858
567,2324,poignant,1525285800,858
567,2324,sentimental,1525285793,858
567,2324,tear jerker,1525285797,858
567,2324,tearjerking,1525285787,858
567,2731,emotional,1525285761,996
567,2731,gentle,1525285768,996
567,2731,heartwarming,1525285770,996
567,2731,lyrical,1525285763,996
567,2731,reflective,1525285753,996
567,3424,great cinematography,1525284096,1177
567,3671,dark humor,1525283215,1234
567,3671,easygoing,1525283227,1234
567,3671,silly,1525283225,1234
567,3676,art house,1525282858,1235
567,3676,atmospheric,1525282843,1235
567,3676,creepy,1525282842,1235
567,3676,cryptic,1525282831,1235
567,3676,dark,1525282860,1235
567,3676,disturbing,1525282840,1235
567,3676,dreamlike,1525282845,1235
567,3676,enigmatic,1525282838,1235
567,3676,fucked up,1525282866,1235
567,3676,gruesome,1525282863,1235
567,3676,hallucinatory,1525282848,1235
567,3676,insane,1525282856,1235
567,3676,paranoid,1525282868,1235
567,3676,strange,1525282854,1235
567,3676,surreal,1525282828,1235
567,3676,weird,1525282851,1235
567,3994,atmospheric,1525285498,1303
567,3994,somber,1525285503,1303
567,4144,atmospheric,1525283524,1339
567,4144,beautiful,1525283566,1339
567,4144,bittersweet,1525283563,1339
567,4144,dreamy,1525283557,1339
567,4144,elegant,1525283529,1339
567,4144,heartbreaking,1525283540,1339
567,4144,intimate,1525283535,1339
567,4144,loneliness,1525283527,1339
567,4144,long takes,1525283572,1339
567,4144,longing,1525283542,1339
567,4144,melancholic,1525283526,1339
567,4144,melancholy,1525283531,1339
567,4144,moody,1525283533,1339
567,4144,nocturnal,1525283537,1339
567,4144,romantic,1525283568,1339
567,4144,unique,1525283560,1339
567,4144,visually appealing,1525283544,1339
567,4144,visually stunning,1525283550,1339
567,4226,cerebral,1525282541,1347
567,4226,dreamlike,1525282545,1347
567,4878,atmospheric,1525282581,1419
567,4878,cerebral,1525282593,1419
567,4878,dreamlike,1525282577,1419
567,4878,enigmatic,1525282598,1419
567,4878,hallucinatory,1525282590,1419
567,4878,mental illness,1525282579,1419
567,4878,mindfuck,1525282602,1419
567,4878,philosophy,1525282583,1419
567,4878,psychological,1525282595,1419
567,4878,quirky,1525282588,1419
567,4878,surreal,1525282571,1419
567,4878,thought provoking,1525282573,1419
567,4878,weird,1525282585,1419
567,5673,anger,1525282648,1508
567,5673,awkward,1525282635,1508
567,5673,bittersweet,1525282627,1508
567,5673,hallucinatory,1525282650,1508
567,5673,quirky,1525282629,1508
567,5673,sad,1525282646,1508
567,5673,surreal,1525282654,1508
567,5673,symbolism,1525282652,1508
567,5673,tense,1525282631,1508
567,5673,unconventional,1525282616,1508
567,5673,unique,1525282637,1508
567,5673,wistful,1525282643,1508
567,5690,beautiful,1525283799,1510
567,5690,downbeat,1525283801,1510
567,5690,grim,1525283797,1510
567,5690,poignant,1525283788,1510
567,5690,tear jerker,1525283804,1510
567,5690,tragedy,1525283795,1510
567,5690,tragic,1525283809,1510
567,6377,heartwarming,1525286742,1560
567,7361,arthouse,1525282744,1647
567,7361,artistic,1525282751,1647
567,7361,atmospheric,1525282731,1647
567,7361,beautiful,1525282670,1647
567,7361,bittersweet,1525282677,1647
567,7361,colourful,1525282696,1647
567,7361,comedy,1525282701,1647
567,7361,dreamlike,1525282681,1647
567,7361,emotional,1525282667,1647
567,7361,feel good,1525282786,1647
567,7361,happpiness,1525282735,1647
567,7361,humane,1525282811,1647
567,7361,insightful,1525282724,1647
567,7361,intelligent,1525282746,1647
567,7361,lovely,1525282737,1647
567,7361,melancholy,1525282692,1647
567,7361,mind bending,1525282728,1647
567,7361,philosophy,1525282673,1647
567,7361,quirky,1525282687,1647
567,7361,quirky romantic,1525282715,1647
567,7361,romantic,1525282694,1647
567,7361,surreal,1525282704,1647
567,7361,surrealism,1525282683,1647
567,7361,thought provoking,1525282689,1647
567,27773,bizarre,1525283311,1717
567,27773,claustrophobic,1525283317,1717
567,27773,depressing,1525283303,1717
567,27773,disturbing,1525283306,1717
567,27773,hallucinatory,1525283304,1717
567,27773,paranoid,1525283318,1717
567,27773,surreal,1525283313,1717
567,27773,twisted,1525283339,1717
567,30810,heartwarming,1525284057,1727
567,30810,off beat comedy,1525284048,1727
567,30810,quirky,1525284031,1727
567,30810,trippy,1525284067,1727
567,30810,visually appealing,1525284041,1727
567,30810,whimsical,1525284034,1727
567,45880,cinematography,1525287347,1818
567,45880,lyrical,1525287351,1818
567,48394,atmospheric,1525286824,1839
567,48394,bittersweet,1525286830,1839
567,48394,visually appealing,1525286827,1839
567,48780,atmospheric,1525286470,1843
567,48780,enigmatic,1525286468,1843
567,50872,clever,1525283885,1855
567,50872,inspirational,1525283888,1855
567,56782,atmospheric,1525283248,1920
567,56782,cerebral,1525283239,1920
567,56782,character study,1525283288,1920
567,56782,gritty,1525283242,1920
567,56782,intense,1525283245,1920
567,56782,long shots,1525283253,1920
567,56782,morality,1525283268,1920
567,56782,visually appealing,1525283236,1920
567,58559,dark,1525285594,1932
567,58559,gritty,1525285601,1932
567,68954,bittersweet,1525286758,1995
567,68954,emotional,1525286759,1995
567,68954,heartbreaking,1525286755,1995
567,68954,touching,1525286762,1995
567,71899,bittersweet,1525283044,2014
567,71899,black comedy,1525283050,2014
567,71899,character study,1525283036,2014
567,71899,dark comedy,1525283033,2014
567,71899,friendship,1525283029,2014
567,71899,loneliness,1525283039,2014
567,71899,mental illness,1525283031,2014
567,71899,philosophical,1525283034,2014
567,71899,poignant,1525283043,2014
567,71899,quirky,1525283048,2014
567,71899,sad,1525283041,2014
567,71899,sweet,1525283052,2014
567,71899,touching,1525283027,2014
567,79132,cerebral,1525287390,2039
567,79132,dreamlike,1525287383,2039
567,79132,philosophy,1525287385,2039
567,79132,thought provoking,1525287380,2039
567,80463,good dialogue,1525286347,2047
567,80463,loneliness,1525286325,2047
567,80463,witty,1525286317,2047
567,89745,fun,1525285537,2095
567,89745,great humor,1525285534,2095
567,89745,visually appealing,1525285532,2095
567,94959,quirky,1525286360,2120
567,96079,beautiful cinematography,1525287362,2124
567,96079,beautifully filmed,1525287364,2124
567,96079,cinematography,1525287366,2124
567,105504,suspense,1525286930,2164
567,105504,tense,1525286932,2164
567,107406,fatalistic,1525286785,2177
567,108932,cheeky,1525283702,2179
567,108932,clever,1525283675,2179
567,108932,colorful,1525283676,2179
567,108932,feel good,1525283700,2179
567,108932,fun,1525283672,2179
567,108932,imaginative,1525283681,2179
567,108932,quirky,1525283678,2179
567,109487,bad dialogue,1525287562,2181
567,109487,philosophical issues,1525287571,2181
567,109487,thought provoking,1525287567,2181
567,109487,visually appealing,1525287559,2181
567,112552,inspirational,1525286276,2196
567,112552,inspiring,1525286278,2196
567,112552,intense,1525286274,2196
567,112852,funny,1525285382,2199
567,112852,great visuals,1525285333,2199
567,112852,humorous,1525285336,2199
567,112852,unlikely hero,1525285378,2199
567,116797,inspirational,1525286868,2208
567,116797,intelligent,1525286865,2208
567,119145,slick,1525286728,2216
567,122882,beautiful,1525283844,2218
567,122882,cinematography,1525283853,2218
567,122882,visually appealing,1525283836,2218
567,122912,dark,1525282411,2224
567,122912,emotional,1525282392,2224
567,122912,sad,1525282400,2224
567,122912,visually appealing,1525282405,2224
567,122912,visually stunning,1525282403,2224
567,122916,humor,1525285285,2225
567,122916,quirky,1525285291,2225
567,122916,unconventional,1525285265,2225
567,122916,white guilt,1525285281,2225
567,122918,fun,1525286132,2226
567,122922,visually appealing,1525287157,2228
567,134130,smart,1525287677,2233
567,138036,slick,1525287196,2245
567,138036,stylish,1525287190,2245
567,139385,cinematography,1525287409,2246
567,139385,visually appealing,1525287413,2246
567,139385,visually striking,1525287426,2246
567,139644,atmospheric,1525286568,2247
567,139644,tension,1525286565,2247
567,148626,funny,1525287708,2251
567,148626,interesting,1525287704,2251
567,148626,witty,1525287702,2251
567,152077,creepy,1525287447,2253
567,152077,suspense,1525287443,2253
567,164179,beautiful visuals,1525285690,2258
567,164179,cerebral,1525285686,2258
567,164179,cinematography,1525285696,2258
567,164179,good cinematography,1525285706,2258
567,164179,smart,1525285699,2258
567,164179,thought provoking,1525285688,2258
567,164179,visually appealing,1525285693,2258
567,168252,dark,1525283942,2263
567,168252,emotional,1525283946,2263
567,168252,gritty,1525283940,2263
567,168252,heartbreaking,1525283948,2263
567,168252,predictible plot,1525283957,2263
567,174055,brilliant,1525285239,2264
567,174055,inspiring,1525285236,2264
567,174055,tense,1525285229,2264
567,176371,atmospheric,1525283076,2265
567,176371,beautiful,1525283078,2265
567,176371,cinematography,1525283075,2265
567,176371,dark,1525283093,2265
567,176371,dreamlike,1525283084,2265
567,176371,existentialism,1525283080,2265
567,176371,moody,1525283086,2265
567,176371,philosophical,1525283089,2265
573,248,sinbad,1186589145,124
573,413,comedy,1186588856,202
573,2116,classic,1186588944,800
573,2662,classic,1186588962,967
573,4343,seann william scott,1186589079,1370
573,4446,sci fi,1186588886,1383
573,4448,boring,1186589048,1385
573,5064,remake,1186589036,1449
573,5254,wesley snipes,1186589125,1465
573,6157,ben affleck,1186589133,1542
573,6373,classic,1186588855,1559
573,35836,classic,1186589105,1760
573,35836,hilarious,1186589105,1760
573,35836,steve carell,1186589105,1760
599,293,action,1498456142,147
599,293,assassin,1498456106,147
599,293,assassination,1498456192,147
599,293,assassins,1498456184,147
599,293,awkward romance,1498456167,147
599,293,corruption,1498456155,147
599,293,crime,1498456141,147
599,293,disturbing,1498456144,147
599,293,drama,1498456149,147
599,293,french,1498456150,147
599,293,friendship,1498456139,147
599,293,gary oldman,1498456130,147
599,293,great acting,1498456128,147
599,293,guns,1498456179,147
599,293,hit men,1498456165,147
599,293,hitman,1498456113,147
599,293,humorous,1498456177,147
599,293,jean reno,1498456121,147
599,293,lolita theme,1498456188,147
599,293,loneliness,1498456186,147
599,293,love story,1498456132,147
599,293,luc besson,1498456137,147
599,293,natalie portman,1498456126,147
599,293,organized crime,1498456152,147
599,293,police,1498456181,147
599,293,police corruption,1498456159,147
599,293,quirky,1498456135,147
599,293,sniper,1498456182,147
599,293,tense,1498456190,147
599,293,touching,1498456147,147
599,293,unique,1498456157,147
599,296,1990s,1498456537,148
599,296,achronological,1498456475,148
599,296,action,1498456356,148
599,296,action packed,1498456535,148
599,296,aggressive,1498456533,148
599,296,amazing dialogues,1498456473,148
599,296,anthology,1498456531,148
599,296,assassin,1498456382,148
599,296,atmospheric,1498456376,148
599,296,bad ass,1498456471,148
599,296,bad language,1498456469,148
599,296,bad ass,1498456676,148
599,296,bible,1498456675,148
599,296,biblical references,1498456529,148
599,296,big boys with guns,1498456673,148
599,296,big name actors,1498456671,148
599,296,black comedy,1498456350,148
599,296,black humor,1498456481,148
599,296,black humour,1498456670,148
599,296,blood,1498456448,148
599,296,blood splatters,1498456467,148
599,296,bloody,1498456431,148
599,296,bruce willis,1498456352,148
599,296,brutality,1498456543,148
599,296,casual violence,1498456669,148
599,296,character development,1498456527,148
599,296,characters,1498456466,148
599,296,classic,1498456360,148
599,296,coke,1498456666,148
599,296,comedy,1498456378,148
599,296,conversation,1498456524,148
599,296,cool,1498456405,148
599,296,cool style,1498456664,148
599,296,crime,1498456353,148
599,296,crime scene scrubbing,1498456663,148
599,296,cult,1498456391,148
599,296,cult classic,1498456522,148
599,296,cult film,1498456345,148
599,296,dance,1498456661,148
599,296,dancing,1498456464,148
599,296,dark,1498456404,148
599,296,dark comedy,1498456339,148
599,296,dark humor,1498456385,148
599,296,dialogue,1498456395,148
599,296,different,1498456660,148
599,296,diner,1498456658,148
599,296,disjointed timeline,1498456444,148
599,296,disturbing,1498456521,148
599,296,drama,1498456561,148
599,296,drug overdose,1498456656,148
599,296,drugs,1498456348,148
599,296,drugs & music,1498456655,148
599,296,ensemble cast,1498456419,148
599,296,entertaining,1498456519,148
599,296,entirely dialogue,1498456429,148
599,296,episodic,1498456517,148
599,296,exciting,1498456427,148
599,296,fast paced,1498456436,148
599,296,fast paced,1498456515,148
599,296,film noir,1498456653,148
599,296,film noir,1498456622,148
599,296,foul language,1498456686,148
599,296,fun,1498456421,148
599,296,funny,1498456383,148
599,296,gangster,1498456389,148
599,296,gangsters,1498456406,148
599,296,genius,1498456589,148
599,296,golden watch,1498456513,148
599,296,good dialogue,1498456372,148
599,296,good music,1498456396,148
599,296,gore,1498456511,148
599,296,great acting,1498456509,148
599,296,great dialogue,1498456402,148
599,296,great soundtrack,1498456380,148
599,296,gritty,1498456426,148
599,296,guns,1498456450,148
599,296,harvey keitel,1498456684,148
599,296,heroin,1498456483,148
599,296,highly quotable,1498456400,148
599,296,hit men,1498456412,148
599,296,hitman,1498456505,148
599,296,homosexuality,1498456562,148
599,296,humour,1498456564,148
599,296,iconic,1498456488,148
599,296,innovative,1498456490,148
599,296,intellectual,1498456565,148
599,296,intelligent,1498456462,148
599,296,intense,1498456411,148
599,296,interesting,1498456541,148
599,296,intertwining storylines,1498456460,148
599,296,interwoven storylines,1498456567,148
599,296,ironic,1498456491,148
599,296,irony,1498456458,148
599,296,john travolta,1498456374,148
599,296,killer as protagonist,1498456494,148
599,296,los angeles,1498456569,148
599,296,mafia,1498456414,148
599,296,meaningless violence,1498456571,148
599,296,milkshake,1498456572,148
599,296,mobster,1498456574,148
599,296,mobsters,1498456575,148
599,296,monologue,1498456577,148
599,296,motherfucker,1498456497,148
599,296,multiple stories,1498456498,148
599,296,multiple storylines,1498456343,148
599,296,neo noir,1498456486,148
599,296,noir,1498456408,148
599,296,non linear,1498456367,148
599,296,non linear timeline,1498456578,148
599,296,nonlinear,1498456341,148
599,296,nonlinear narrative,1498456457,148
599,296,nonlinear storyline,1498456580,148
599,296,nonlinear timeline,1498456581,148
599,296,notable soundtrack,1498456393,148
599,296,offensive,1498456583,148
599,296,organised crime,1498456585,148
599,296,organized crime,1498456363,148
599,296,original,1498456479,148
599,296,original plot,1498456455,148
599,296,out of order,1498456586,148
599,296,palme d'or,1498456690,148
599,296,parody,1498456591,148
599,296,philosophical,1498456500,148
599,296,pop culture references,1498456478,148
599,296,psychological,1498456593,148
599,296,pulp,1498456484,148
599,296,quentin tarantino,1498456338,148
599,296,quirky,1498456364,148
599,296,quotable,1498456446,148
599,296,r:disturbing violent content including rape,1498456502,148
599,296,r:disturbing violent images,1498456595,148
599,296,r:graphic sexuality,1498456597,148
599,296,r:some violence,1498456599,148
599,296,r:strong bloody violence,1498456601,148
599,296,r:strong language,1498456452,148
599,296,r:sustained strong stylized violence,1498456603,148
599,296,r:violence,1498456424,148
599,296,random,1498456503,148
599,296,rape,1498456417,148
599,296,retro,1498456442,148
599,296,roger avary,1498456682,148
599,296,royal with cheese,1498456610,148
599,296,samuel l. jackson,1498456342,148
599,296,sarcasm,1498456612,148
599,296,satire,1498456614,148
599,296,sexy,1498456615,148
599,296,smart writing,1498456617,148
599,296,sophisticated,1498456618,148
599,296,soundtrack,1498456439,148
599,296,splatter,1498456620,148
599,296,steve buscemi,1498456694,148
599,296,storytelling,1498456375,148
599,296,stylish,1498456398,148
599,296,stylized,1498456354,148
599,296,suspense,1498456680,148
599,296,tarantino,1498456358,148
599,296,thought provoking,1498456638,148
599,296,thriller,1498456415,148
599,296,travolta,1498456539,148
599,296,twist ending,1498456639,148
599,296,uma thurman,1498456370,148
599,296,unique,1498456641,148
599,296,unpredictable,1498456476,148
599,296,unusual,1498456642,148
599,296,very funny,1498456434,148
599,296,violence,1498456347,148
599,296,violent,1498456366,148
599,296,witty,1498456437,148
599,924,aliens,1498456783,371
599,924,apes,1498456822,371
599,924,arthur c. clarke,1498456786,371
599,924,artificial intelligence,1498456752,371
599,924,atmospheric,1498456757,371
599,924,cinematography,1498456766,371
599,924,classic,1498456774,371
599,924,computer,1498456793,371
599,924,confusing ending,1498456779,371
599,924,cult film,1498456771,371
599,924,dull,1498456811,371
599,924,future,1498456770,371
599,924,futuristic,1498456776,371
599,924,meditative,1498456768,371
599,924,music,1498456773,371
599,924,mystery,1498456802,371
599,924,oscar (best effects visual effects),1498456791,371
599,924,overrated,1498456813,371
599,924,philosophical,1498456759,371
599,924,relaxing,1498456798,371
599,924,revolutionary,1498456794,371
599,924,robots,1498456781,371
599,924,sci fi,1498456751,371
599,924,setting:space/space ship,1498456796,371
599,924,slow,1498456765,371
599,924,slow paced,1498456806,371
599,924,soundtrack,1498456785,371
599,924,space,1498456756,371
599,924,space travel,1498456790,371
599,924,spacecraft,1498456788,371
599,924,stanley kubrick,1498456754,371
599,924,superb soundtrack,1498456825,371
599,924,surreal,1498456763,371
599,924,technology,1498456827,371
599,924,tedious,1498456814,371
599,924,visual,1498456799,371
599,924,visually appealing,1498456760,371
599,1732,black comedy,1498456261,680
599,1732,bowling,1498456271,680
599,1732,classic,1498456304,680
599,1732,coen brothers,1498456256,680
599,1732,comedy,1498456268,680
599,1732,crime,1498456292,680
599,1732,cult classic,1498456280,680
599,1732,cult film,1498456260,680
599,1732,dark comedy,1498456258,680
599,1732,deadpan,1498456303,680
599,1732,drugs,1498456286,680
599,1732,funny,1498456291,680
599,1732,great dialogue,1498456264,680
599,1732,great soundtrack,1498456283,680
599,1732,highly quotable,1498456296,680
599,1732,jeff bridges,1498456269,680
599,1732,john goodman,1498456278,680
599,1732,julianne moore,1498456294,680
599,1732,kidnapping,1498456299,680
599,1732,marijuana,1498456281,680
599,1732,nudity (full frontal),1498456288,680
599,1732,off beat comedy,1498456273,680
599,1732,philip seymour hoffman,1498456275,680
599,1732,quirky,1498456263,680
599,1732,ransom,1498456308,680
599,1732,rug,1498456306,680
599,1732,sarcasm,1498456285,680
599,1732,satirical,1498456266,680
599,1732,steve buscemi,1498456276,680
599,1732,violence,1498456297,680
599,2959,action,1498456930,1055
599,2959,atmospheric,1498456906,1055
599,2959,based on a book,1498456916,1055
599,2959,brad pitt,1498456893,1055
599,2959,challenging,1498456963,1055
599,2959,chuck palahniuk,1498456949,1055
599,2959,classic,1498456925,1055
599,2959,clever,1498456960,1055
599,2959,complicated,1498456923,1055
599,2959,consumerism,1498456965,1055
599,2959,crime,1498456935,1055
599,2959,dark,1498456928,1055
599,2959,dark comedy,1498456891,1055
599,2959,david fincher,1498456926,1055
599,2959,disturbing,1498456908,1055
599,2959,double life,1498456958,1055
599,2959,edward norton,1498456896,1055
599,2959,fighting,1498456937,1055
599,2959,great acting,1498456951,1055
599,2959,helena bonham carter,1498456939,1055
599,2959,imaginary friend,1498456945,1055
599,2959,mental illness,1498456903,1055
599,2959,mind blowing,1498456955,1055
599,2959,mindfuck,1498456912,1055
599,2959,narrated,1498456934,1055
599,2959,nudity (topless),1498456962,1055
599,2959,palahnuik,1498456948,1055
599,2959,philosophical,1498456911,1055
599,2959,philosophy,1498456898,1055
599,2959,postmodern,1498456954,1055
599,2959,powerful ending,1498456921,1055
599,2959,psychological,1498456909,1055
599,2959,psychological thriller,1498456953,1055
599,2959,psychology,1498456890,1055
599,2959,quirky,1498456918,1055
599,2959,satirical,1498456920,1055
599,2959,schizophrenia,1498456967,1055
599,2959,social commentary,1498456894,1055
599,2959,societal criticism,1498456946,1055
599,2959,stylized,1498456932,1055
599,2959,surreal,1498456900,1055
599,2959,terrorism,1498456966,1055
599,2959,thought provoking,1498456901,1055
599,2959,twist,1498456943,1055
599,2959,twist ending,1498456888,1055
599,2959,violence,1498456904,1055
599,2959,violent,1498456914,1055
600,273,gothic,1237739064,138
606,1357,music,1176765393,572
606,3578,romans,1173212944,1217
